Time,BlinkRate,Stress,Distraction,CognitiveLoad
1776098229.7847471,22,0.535188584196272,0.4684719128935674,56
1776098229.815835,22,0.5516329547046167,0.49449813027653744,57
1776098229.848759,22,0.5516329547046167,0.41641947812760954,55
1776098229.8832471,22,0.5381180761983543,0.3903932607446395,55
1776098229.915461,22,0.5216737056900097,0.3903932607446395,55
1776098229.948896,22,0.48878496467332017,0.4424456955105973,55
1776098229.982429,22,0.4684586048778134,0.05205243476595785,49
1776098230.01564,22,0.4917144566754026,0.41641947812760954,55
1776098230.0502698,22,0.4878324673882405,0.4164194781276273,54
1776098230.083277,22,0.5030634025784592,0.9629700431701226,63
1776098230.117676,22,0.5906223630582548,1.6656779125104737,75
1776098230.150808,22,0.7018509673295057,1.6656779125104737,76
1776098230.182795,22,0.7937057090903296,1.6396516951274858,77
1776098230.242399,22,0.8454906241234964,0.9369438257871348,68
1776098230.282402,22,0.9476282957362812,0.780786521489279,67
1776098230.316169,22,0.9766350474658084,0.8328389562552191,68
1776098230.349602,22,0.9668940741744815,0.8068127388722668,68
1776098230.381923,22,1.016227185699516,1.1451535648509306,73
1776098230.422705,22,1.069550370583939,0.9369438257871348,71
1776098230.450272,22,1.1063211008877902,1.1451535648509306,75
1776098230.482987,22,1.1469738204788043,0.3643670433616517,64
1776098230.5156858,22,1.1989754859728745,0.8068127388722668,71
1776098230.5497239,22,1.1989754859728743,0.6246292171914232,68
1776098230.581544,22,1.2154198564812189,0.780786521489279,71
1776098230.615712,22,1.2357462162767257,0.780786521489279,71
1776098230.648746,22,1.2928433063760842,0.7287340867233388,71
1776098230.6821902,22,1.3056226238414708,0.9889962605530749,75
1776098230.715957,22,1.3056226238414708,0.9369438257871348,75
1776098230.748658,22,1.2865096993640897,0.780786521489279,72
1776098230.783068,22,1.2057622201735383,0.7547603041062911,70
1776098230.815288,22,1.0577628855984358,0.6246292171914232,66
1776098230.849369,22,0.9590966625483675,0.8068127388722668,67
1776098230.897415,22,0.8869853877196938,0.5205243476595075,62
1776098230.94768,22,0.8177364571235985,0.7287340867233388,64
1776098230.982346,22,0.7519589750902197,0.9889962605530749,67
1776098231.016528,22,0.7316326152947129,1.1972059996169062,70
1776098231.0497699,22,0.7178567987554043,1.0931011300849907,68
1776098231.084277,22,0.6848599736664881,1.1191273474679784,68
1776098231.117727,22,0.6706095341193498,0.780786521489279,63
1776098231.1495528,22,0.67928992605337,0.7287340867233388,62
1776098231.18146,22,0.6640589908631513,1.1451535648509306,68
1776098231.216513,22,0.7086050156182594,1.3013108691487865,71
1776098231.2497559,22,0.7386723487050932,1.1191273474679784,69
1776098231.2822359,22,0.7676791004346206,0.8848913910211946,66
1776098231.316501,22,0.7309083701307691,1.0931011300849907,68
1776098231.350637,22,0.7045060900868937,1.0670749127020027,67
1776098231.383272,22,0.6880617195785489,1.0931011300849907,68
1776098231.416332,22,0.6716173490702043,0.9369438257871348,65
1776098231.450787,22,0.6648058677809597,0.6246292171914232,60
1776098231.483358,22,0.6880617195785489,0.3903932607446395,57
1776098231.517018,22,0.6880617195785489,0.9369438257871348,65
1776098231.549726,22,0.7045060900868937,1.0410486953190505,67
1776098231.609903,22,0.6551729785618595,0.9629700431701226,65
1776098231.646697,22,0.7045060900868937,0.8848913910211946,65
1776098231.681886,22,0.7113175713761382,0.9629700431701226,66
1776098231.716322,22,0.6922046468987574,1.0150224779360626,67
1776098231.748084,22,0.678689768392495,0.8848913910211946,64
1776098231.781185,22,0.6358431178402751,0.8068127388722668,63
1776098231.814353,22,0.5700656358068963,0.650655434574411,59
1776098231.848738,22,0.5497392760113894,0.572576782425483,58
1776098231.881378,22,0.48193739945869213,0.4164194781276273,54
1776098231.914787,22,0.47219642616736524,0.3903932607446395,54
1776098231.949095,22,0.4228633146423311,0.4684719128935674,54
1776098231.980813,22,0.40253695484682417,0.8068127388722668,59
1776098232.014795,22,0.3860925843384795,0.6246292171914232,56
1776098232.047947,22,0.39290406562772406,0.8848913910211946,60
1776098232.081443,22,0.39290406562772406,0.8848913910211946,60
1776098232.148793,21,0.3764596951193793,1.0931011300849907,61
1776098232.182391,21,0.3696482138301348,0.8328389562552191,57
1776098232.2156212,21,0.36964821383013485,0.9889962605530749,59
1776098232.2473722,21,0.36001532461103464,0.9889962605530749,59
1776098232.28109,21,0.38327117640862385,1.0410486953190505,60
1776098232.31348,21,0.35038243539193437,0.7547603041062911,56
1776098232.352704,21,0.35038243539193437,0.6246292171914232,54
1776098232.3813,21,0.3407495461728342,0.8588651736382069,57
1776098232.414405,21,0.3542644246790965,0.0780786521489279,46
1776098232.447343,21,0.36107590596834105,0.6246292171914232,54
1776098232.4803882,21,0.34463153545999636,0.5986029998084353,53
1776098232.513338,21,0.34463153545999636,0.5986029998084353,53
1776098232.547356,20,0.36107590596834105,0.4424456955105796,49
1776098232.582415,20,0.3475610274620788,0.7027078693403511,53
1776098232.619963,20,0.3311166569537341,0.8848913910211946,55
1776098232.692302,20,0.3475610274620787,0.650655434574411,52
1776098232.756871,20,0.3640053979704234,0.9369438257871348,57
1776098232.828073,20,0.35719391668117895,0.5465505650424953,51
1776098232.896833,20,0.35719391668117895,0.9109176084041469,56
1776098232.957409,20,0.3939646469850304,0.8068127388722668,55
1776098233.020342,20,0.4268533880017199,1.5875992603615456,67
1776098233.051643,20,0.43366486929096454,1.3013108691487865,63
1776098233.083835,20,0.45692072108855375,1.3273370865317742,64
1776098233.117735,20,0.4856665347850347,1.2492584343828463,63
1776098233.18173,20,0.5889389886374833,1.275284651765834,65
1776098233.2151082,20,0.7012868899452884,0.8588651736382069,61
1776098233.247433,20,0.7458329147003966,0.4684719128935674,55
1776098233.2810729,20,0.7255065549048898,0.5465505650424953,56
1776098233.314701,20,0.7255065549048896,0.5205243476595075,56
1776098233.348015,20,0.7419509254132344,0.5205243476595075,56
1776098233.3889222,20,0.7419509254132344,0.572576782425483,57
1776098233.4469728,20,0.7419509254132345,0.650655434574411,58
1776098233.480155,20,0.7419509254132344,0.4944981302765552,56
1776098233.512713,20,0.7419509254132344,0.2602621738297715,52
1776098233.549021,20,0.7323180361941342,0.4164194781276273,54
1776098233.582724,19,0.7158736656857896,0.5465505650424953,54
1776098233.615289,19,0.7362000254812964,0.4164194781276273,53
1776098233.649419,19,0.7197556549729516,0.5205243476595075,54
1776098233.6806211,19,0.6994292951774448,0.572576782425483,54
1776098233.713977,19,0.6733520354499999,0.7027078693403511,56
1776098233.748378,19,0.6665405541607552,0.7287340867233388,56
1776098233.782224,19,0.6364732210739215,0.4684719128935674,52
1776098233.8146932,19,0.6437625766404159,0.4424456955105796,52
1776098233.848383,19,0.5608164825834743,0.3643670433616517,49
1776098233.881288,19,0.46198345978193134,0.572576782425483,51
1776098233.914967,19,0.4106259537375789,0.5205243476595075,49
1776098233.9475179,19,0.4106259537375789,0.5205243476595075,49
1776098233.9824152,19,0.40381447244833435,0.572576782425483,50
1776098234.015533,19,0.4106259537375789,0.4164194781276273,48
1776098234.046765,19,0.39418158322923413,0.5205243476595075,49
1776098234.080478,19,0.39418158322923413,0.4944981302765552,49
1776098234.113039,19,0.3873701019399896,0.6246292171914232,50
1776098234.1469781,19,0.42025884295667904,0.6246292171914232,51
1776098234.1803641,19,0.3970029911590898,0.5986029998084353,50
1776098234.213918,19,0.380558620650745,0.5986029998084353,50
1776098234.248248,19,0.36023226085523824,0.6246292171914232,50
1776098234.281234,19,0.38348811265282745,0.6766816519573633,51
1776098234.31264,19,0.39029959394207203,0.4164194781276273,47
1776098234.360607,19,0.38348811265282745,0.4944981302765552,48
1776098234.412791,19,0.39029959394207203,0.28628839121272376,45
1776098234.446164,19,0.39029959394207203,0.4164194781276273,47
1776098234.483434,19,0.34745294338985194,0.3903932607446395,46
1776098234.558462,19,0.34357095410268984,0.5205243476595075,48
1776098234.6125708,19,0.32324459430718305,0.4684719128935674,47
1776098234.6460512,19,0.30680022379883837,0.5205243476595075,48
1776098234.679496,19,0.32324459430718305,0.4944981302765552,48
1776098234.713896,19,0.32324459430718305,0.3903932607446395,46
1776098234.746194,19,0.31643311301793847,0.4164194781276273,46
1776098234.779352,19,0.33968896481552774,0.4424456955105796,47
1776098234.815021,19,0.34650044610477226,0.4944981302765552,48
1776098234.846085,19,0.34650044610477226,0.3903932607446395,46
1776098234.878838,19,0.3300560755964276,0.4944981302765552,48
1776098234.912181,19,0.34650044610477226,0.5465505650424953,49
1776098234.947329,19,0.36294481661311695,0.5205243476595075,49
1776098234.982811,19,0.37938918712146175,0.7287340867233388,52
1776098235.012149,19,0.3561333353238724,0.7547603041062911,52
1776098235.0601668,19,0.3328774835262832,0.7287340867233388,51
1776098235.112022,18,0.3328774835262832,0.5205243476595075,46
1776098235.146074,18,0.3260660022370387,0.5465505650424953,46
1776098235.17978,18,0.3260660022370387,0.5465505650424953,46
1776098235.213747,18,0.309621631728694,0.6246292171914232,47
1776098235.245412,18,0.29317726122034926,0.7287340867233388,49
1776098235.279829,18,0.29317726122034926,0.5465505650424953,46
1776098235.3134239,18,0.3164331130179386,0.650655434574411,48
1776098235.345342,18,0.29998874250959373,0.7287340867233388,49
1776098235.379425,18,0.28354437200124905,0.780786521489279,49
1776098235.412846,18,0.2671000014929043,0.6246292171914232,47
1776098235.4498172,18,0.2671000014929043,0.7547603041062911,49
1776098235.4793978,18,0.2671000014929044,0.8068127388722668,49
1776098235.5134048,18,0.2506556309845597,0.6246292171914232,47
1776098235.54687,18,0.2506556309845597,0.7027078693403511,48
1776098235.578561,18,0.2506556309845596,0.9109176084041469,51
1776098235.611864,18,0.23421126047621488,0.8588651736382069,50
1776098235.656806,18,0.2177668899678702,0.780786521489279,48
1776098235.712896,18,0.24102274176545943,0.9629700431701226,51
1776098235.745905,18,0.2739114827821489,0.6766816519573633,48
1776098235.7790248,18,0.25746711227380414,0.780786521489279,49
1776098235.812355,18,0.25746711227380414,0.8328389562552191,50
1776098235.845112,18,0.25746711227380414,0.9369438257871348,51
1776098235.8804429,18,0.2739114827821489,0.8848913910211946,51
1776098235.913682,18,0.25746711227380414,0.9369438257871348,51
1776098235.971682,18,0.2642785935630487,0.8848913910211946,51
1776098236.015501,18,0.25746711227380414,0.780786521489279,49
1776098236.048725,18,0.2642785935630487,0.8588651736382069,50
1776098236.082077,18,0.3107902971582272,0.9369438257871348,52
1776098236.115229,18,0.34367903817491663,0.7287340867233388,49
1776098236.148711,18,0.3368675568856721,0.6766816519573633,49
1776098236.178586,18,0.3136117050880829,0.7287340867233388,49
1776098236.212234,18,0.3136117050880829,0.5986029998084353,47
1776098236.244529,18,0.3136117050880829,0.572576782425483,47
1776098236.278684,18,0.3136117050880829,0.9889962605530749,53
1776098236.3132002,18,0.3368675568856721,0.6766816519573633,49
1776098236.346681,18,0.3204231863773274,0.5465505650424953,46
1776098236.382633,18,0.3136117050880829,0.5205243476595075,46
1776098236.412624,18,0.2807229640713934,0.6766816519573633,48
1776098236.4468422,18,0.2807229640713934,0.5986029998084353,47
1776098236.479587,18,0.2807229640713934,0.780786521489279,49
1776098236.512609,18,0.2642785935630487,0.6246292171914232,47
1776098236.5466728,18,0.24783422305470398,0.5465505650424953,45
1776098236.579408,18,0.27109007485229325,0.572576782425483,46
1776098236.614468,18,0.24783422305470398,0.6246292171914232,46
1776098236.647307,17,0.24783422305470398,0.5205243476595075,43
1776098236.691493,17,0.24102274176545943,0.6246292171914232,44
1776098236.747197,17,0.19451103817028095,0.5986029998084353,43
1776098236.7845068,17,0.18487814895118077,0.650655434574411,44
1776098236.815547,17,0.16843377844283605,0.5205243476595075,42
1776098236.849901,17,0.18487814895118077,0.5205243476595075,42
1776098236.8807218,17,0.18487814895118077,0.6246292171914232,44
1776098236.9144268,17,0.16843377844283602,0.5205243476595075,42
1776098236.948822,17,0.1519894079344913,0.5205243476595075,42
1776098236.9823139,17,0.12873355613690207,0.4684719128935674,40
1776098237.013958,17,0.12873355613690207,0.4684719128935674,40
1776098237.048844,17,0.13554503742614663,0.5205243476595075,41
1776098237.081894,17,0.15198940793449134,0.4424456955105796,40
1776098237.113122,17,0.16843377844283605,0.5986029998084353,43
1776098237.145236,17,0.17524525973208058,0.572576782425483,43
1776098237.180458,17,0.1916896302404253,0.5986029998084353,43
1776098237.2134569,17,0.21494548203801453,0.780786521489279,46
1776098237.246269,17,0.21494548203801458,0.5465505650424953,43
1776098237.3094342,17,0.23820133383560382,0.6766816519573633,45
1776098237.344782,17,0.31764329670242997,0.5465505650424953,44
1776098237.37844,17,0.35320059168815543,0.3383408259786994,42
1776098237.412857,17,0.40520225718222563,0.4424456955105796,44
1776098237.445556,17,0.5145251589314307,0.6766816519573633,49
1776098237.478527,17,0.6308044179193769,1.5875992603615456,65
1776098237.512306,17,0.7306393063989786,1.7958089994253417,69
1776098237.546792,17,0.8359346537702865,1.691704129893426,69
1776098237.586966,17,0.9318209871454574,1.6656779125104737,70
1776098237.645109,17,1.0789039083608634,1.4054157386807022,69
1776098237.677923,17,1.1940145019192767,1.561573042978558,73
1776098237.71352,17,1.3091250954776898,1.5355468255955702,74
1776098237.745673,17,1.3516467257134794,1.3013108691487865,71
1776098237.778996,17,1.4352295559676347,1.4574681734466421,75
1776098237.812133,17,1.4845626674926693,1.48349439082963,76
1776098237.8456361,17,1.559973038745148,1.43144195606369,76
1776098237.87862,17,1.6028196892973683,1.2492584343828463,74
1776098237.9131,17,1.628896949024813,1.2232322169998586,74
1776098237.947022,17,1.6424118275310755,1.3013108691487865,76
1776098237.9797912,17,1.652044716750175,1.43144195606369,78
1776098238.0119941,17,1.5561583833750046,1.3013108691487865,74
1776098238.045408,17,1.520601088389279,1.7437565646594015,80
1776098238.079231,17,1.5014881639118984,1.6396516951274858,79
1776098238.112764,17,1.3689094103651038,1.3793895212977143,73
1776098238.145768,17,1.2758860031747472,1.48349439082963,73
1776098238.1805508,17,1.1963774744906523,1.43144195606369,71
1776098238.212613,17,1.107526497627689,1.3273370865317742,68
1776098238.2454379,17,1.060973275777552,1.1972059996169062,65
1776098238.2788339,17,0.9371462063597352,1.3013108691487865,65
1776098238.311438,17,0.8549243538180117,1.3013108691487865,64
1776098238.3456,17,0.7765844905634501,1.5875992603615456,67
1776098238.382462,16,0.7340628603276605,1.3793895212977143,61
1776098238.412662,16,0.6572915113627495,1.48349439082963,62
1776098238.445924,16,0.6079583998377154,1.4574681734466421,61
1776098238.4789948,16,0.5325480285852364,1.5095206082126178,60
1776098238.511913,16,0.48970137803301644,1.48349439082963,59
1776098238.544398,16,0.45681263701632696,1.43144195606369,58
1776098238.578285,16,0.42004190671247543,1.5095206082126178,59
1776098238.611555,16,0.38715316569578595,1.5095206082126178,58
1776098238.672388,16,0.38715316569578595,1.5095206082126178,58
1776098238.711942,16,0.39396464698503053,1.5355468255955702,59
1776098238.744722,16,0.38433175776593037,1.5095206082126178,58
1776098238.7795498,16,0.4211024880697819,1.6396516951274858,61
1776098238.812042,16,0.4142910067805373,1.6656779125104737,61
1776098238.84556,16,0.40077612827427506,1.2232322169998586,54
1776098238.8780951,16,0.41722049878261974,1.3793895212977143,57
1776098238.913451,16,0.38433175776593026,1.275284651765834,55
1776098238.945394,16,0.37752027647668573,1.3793895212977143,56
1776098238.977779,16,0.40392255652056097,1.48349439082963,58
1776098239.0130072,16,0.4191534917107797,0.3643670433616517,41
1776098239.044109,16,0.4478993054072607,0.2082097390637959,39
1776098239.080446,16,0.5084936197204709,0.0780786521489279,38
1776098239.111543,16,0.5742711017538498,0.2342359564467837,42
1776098239.147108,16,0.633237102497984,0.1821835216808436,42
1776098239.17832,16,0.6845946085423367,0.3383408259786994,45
1776098239.210628,16,0.7201519035280621,0.2082097390637959,44
1776098239.2454941,16,0.8087075488650807,0.0520524347659401,43
1776098239.277675,16,0.8607092143591508,0.130131086914868,44
1776098239.3127449,16,0.9200002354197154,0.2082097390637959,47
1776098239.345268,16,0.9789662361638499,0.5205243476595075,52
1776098239.38065,16,1.0379322369079842,0.7287340867233388,56
1776098239.41136,16,1.024417358401722,0.4164194781276273,51
1776098239.4440908,16,1.0544846914885557,0.572576782425483,54
1776098239.478784,16,1.0476732101993114,0.7547603041062911,57
1776098239.510543,16,1.0740754902431866,1.0410486953190505,61
1776098239.543835,16,1.0576311197348418,1.0931011300849907,62
1776098239.576899,16,1.0576311197348418,1.7437565646594015,72
1776098239.6124392,16,1.0215959504718664,2.628647955680561,84
1776098239.645897,16,1.0518161375195196,2.758779042595464,87
1776098239.6783319,16,1.082036324567173,1.9519663037231973,75
1776098239.711266,16,1.130764912003168,1.8478614341912818,74
1776098239.743839,16,1.1370987047984629,1.7177303472764138,72
1776098239.778368,16,1.1711561112446855,0.9369438257871348,61
1776098239.8118331,17,1.2033814354544887,0.8588651736382069,62
1776098239.846533,17,1.2839585235072128,0.7287340867233388,62
1776098239.879477,17,1.288426285360551,0.7547603041062911,62
1776098239.910383,17,1.3404279508546215,0.7287340867233388,63
1776098239.944115,17,1.364987095904856,0.4164194781276273,58
1776098240.00828,17,1.3347669088572027,1.4574681734466421,73
1776098240.0448,17,1.3930458195281654,0.780786521489279,64
1776098240.0784872,17,1.4433314283382797,1.1711797822339185,71
1776098240.1131158,17,1.4335904550469525,1.2492584343828463,72
1776098240.144701,17,1.4539168148424593,0.8848913910211946,67
1776098240.1782029,17,1.427514534798584,0.7547603041062911,64
1776098240.2114198,17,1.4439589053069286,0.2342359564467837,57
1776098240.245784,17,1.4868055558591489,0.572576782425483,62
1776098240.277981,17,1.5293271860949385,0.4164194781276273,61
1776098240.31165,17,1.5128828155865939,0.3123146085957116,59
1776098240.346045,17,1.5128828155865937,0.4164194781276273,60
1776098240.3782852,17,1.4481059385924966,0.4424456955105796,60
1776098240.4113438,17,1.4911052573222359,0.7287340867233388,65
1776098240.444751,17,1.4911052573222359,0.6246292171914232,63
1776098240.4784331,17,1.489744279609804,1.1972059996169062,72
1776098240.511283,17,1.4887204901297673,1.1191273474679784,71
1776098240.5446799,17,1.527252047006168,0.8068127388722668,67
1776098240.579356,17,1.6048827249830824,1.0670749127020027,72
1776098240.6114838,17,1.7026665678373374,1.0670749127020027,73
1776098240.644501,17,1.81592878061976,0.9629700431701226,73
1776098240.6782022,17,1.8406918956835665,1.1191273474679784,76
1776098240.71236,17,1.9487844440409179,1.5355468255955702,84
1776098240.7437701,17,1.995863879847866,1.0150224779360626,77
1776098240.778325,17,2.139981225135806,1.0410486953190505,79
1776098240.813045,17,2.195648129456135,1.0931011300849907,81
1776098240.845047,17,2.252745219555494,0.9889962605530749,80
1776098240.877573,17,2.293481399257429,1.3533633039147621,86
1776098240.9113972,17,2.323590250599221,1.4054157386807022,87
1776098240.9456909,17,2.290701509582532,1.3793895212977143,87
1776098240.977751,17,2.267770678101373,1.561573042978558,89
1776098241.012327,17,2.236739531852527,1.7697827820423537,92
1776098241.0462568,17,2.1216289382941147,1.3273370865317742,83
1776098241.077986,17,2.038238420322857,1.3273370865317742,82
1776098241.109707,17,1.9628280490703782,1.1451535648509306,78
1776098241.143098,17,1.847717455511965,1.0931011300849907,76
1776098241.1773329,17,1.7626741950403857,1.0150224779360626,73
1776098241.210388,17,1.6178109163791827,0.9369438257871348,70
1776098241.2442188,17,1.5019543894475071,1.0931011300849907,70
1776098241.3061361,17,1.3860236226960483,0.7027078693403511,63
1776098241.343189,17,1.3687590789946582,1.1451535648509306,69
1776098241.376679,17,1.2568926254223713,1.6656779125104737,75
1776098241.410833,17,1.222375570836606,1.2232322169998586,68
1776098241.444745,17,1.1092893717975112,1.2492584343828463,67
1776098241.478395,17,1.070066837985527,0.9889962605530749,62
1776098241.511186,17,1.048527042871894,0.8848913910211946,61
1776098241.543657,17,1.0163017186620908,0.5205243476595075,55
1776098241.576499,17,0.9669270888820987,0.4684719128935674,53
1776098241.609548,17,1.0018402244181066,0.5986029998084353,56
1776098241.643577,17,0.9658050551551309,0.8588651736382069,59
1776098241.67695,17,1.0112561773930029,0.4684719128935674,54
1776098241.712178,17,1.0277005479013477,0.7547603041062911,58
1776098241.7437499,17,1.0468134723787286,0.7287340867233388,58
1776098241.777683,17,1.040001991089484,0.572576782425483,56
1776098241.809759,17,1.0755592860752097,0.9889962605530749,62
1776098241.843246,17,1.0619363234967207,0.5205243476595075,55
1776098241.876704,17,1.0619363234967207,0.572576782425483,56
1776098241.9101179,17,0.9961588414633417,0.2602621738297715,50
1776098241.94466,17,0.9797144709549971,0.6766816519573633,56
1776098241.977931,17,0.8684858666837458,0.2602621738297715,48
1776098242.010284,17,0.8316070523076676,0.130131086914868,46
1776098242.044168,17,0.8151626817993229,0.3643670433616517,49
1776098242.077536,17,0.8151626817993229,0.4424456955105796,50
1776098242.1111932,17,0.8658567710367892,0.6246292171914232,54
1776098242.1445792,17,0.9241672964542736,0.5986029998084353,54
1776098242.178148,17,0.9449210652385946,1.1711797822339185,63
1776098242.2116952,17,1.0024126926315569,0.8588651736382069,59
1776098242.244861,17,0.9939018371394241,0.650655434574411,56
1776098242.277267,17,1.0544961514526345,0.5986029998084353,56
1776098242.310278,17,1.021607410435945,0.3383408259786994,52
1776098242.344141,17,1.0051630399276004,0.7027078693403511,57
1776098242.37825,17,0.9996730780287085,0.7547603041062911,58
1776098242.411062,17,1.006484559317953,0.8588651736382069,59
1776098242.444756,16,1.0383330599346823,1.0670749127020027,61
1776098242.4775538,16,1.0574459844120632,1.275284651765834,65
1776098242.512776,16,1.1028971066499351,1.1191273474679784,63
1776098242.542675,16,1.1851189591916587,0.5986029998084353,56
1776098242.5766559,16,1.2042318836690395,0.8328389562552191,60
1776098242.646878,16,1.1907170051627773,1.0670749127020027,63
1776098242.6778162,16,1.2400501166878113,1.1451535648509306,65
1776098242.710049,16,1.2236057461794667,0.9369438257871348,62
1776098242.748009,16,1.1925745999306208,1.1191273474679784,64
1776098242.7776582,16,1.1603492757208176,1.0931011300849907,63
1776098242.810133,16,1.1158145668426418,1.275284651765834,65
1776098242.843677,16,1.159837675052418,1.1972059996169062,65
1776098242.878357,16,1.1755511684250708,1.2232322169998586,66
1776098242.9106429,16,1.2518639004699006,1.2492584343828463,67
1776098242.9424481,16,1.284292993347047,1.4574681734466421,71
1776098242.9777422,16,1.3665148458887708,1.48349439082963,72
1776098243.009171,16,1.501680080354306,1.8478614341912818,80
1776098243.0431411,16,1.587747130305922,1.6396516951274858,78
1776098243.076396,16,1.7625077212732683,1.691704129893426,81
1776098243.111088,16,1.9302080534948671,1.7958089994253417,86
1776098243.143584,16,2.2239294796012095,2.91493634689332,107
1776098243.176543,16,2.5577209510120475,2.758779042595464,109
1776098243.210846,16,2.755053397112184,2.8628839121273444,114
1776098243.243624,16,2.9064573612762064,3.123146085957116,120
1776098243.276702,16,2.919972239782469,2.1862022601699813,106
1776098243.309995,16,2.8897520527348153,2.6807003904465363,113
1776098243.3438988,16,2.90619642324316,2.420438216616765,110
1776098243.376496,16,2.9214273584333776,2.0820973906380655,105
1776098243.411772,16,2.9358473344224043,2.3683857818508245,109
1776098243.444309,16,2.9886518945101557,2.108123608021053,106
1776098243.477111,16,2.9258406963561288,2.056071173255113,104
1776098243.509419,16,2.8796653326030386,2.5765955209146205,111
1776098243.5430799,16,2.7769503205143335,2.264280912318909,105
1776098243.578851,16,2.7593372845764557,2.0820973906380655,102
1776098243.610028,16,2.697549875902465,1.1711797822339185,88
1776098243.642496,16,2.645967471691086,1.3533633039147621,90
1776098243.6767201,16,2.55990042173947,1.48349439082963,90
1776098243.70958,16,2.454907386164891,1.2492584343828463,85
1776098243.74271,16,2.344816711757037,1.613625477744498,89
1776098243.776187,16,2.1176756622777546,1.3793895212977143,82
1776098243.811035,16,1.7946857455155494,1.2232322169998586,75
1776098243.843515,16,1.6110177802488599,1.561573042978558,77
1776098243.876152,16,1.466903171651333,1.3013108691487865,71
1776098243.9102788,16,1.482134106841552,1.5875992603615456,76
1776098243.972627,16,1.4533882931450708,1.1711797822339185,69
1776098244.0090828,16,1.4883014286810785,1.5095206082126178,75
1776098244.043038,16,1.5777595871115526,1.0150224779360626,69
1776098244.07762,16,1.5777595871115526,1.3273370865317742,73
1776098244.1098082,16,1.5996783082031094,1.1191273474679784,70
1776098244.1427479,16,1.7047168091126794,1.5875992603615456,79
1776098244.1769521,16,1.647619719013321,1.7177303472764138,80
1776098244.209291,16,1.6515017083004833,1.5355468255955702,77
1776098244.243527,16,1.576091337048004,1.7958089994253417,80
1776098244.27635,16,1.594879426992255,1.3273370865317742,73
1776098244.31093,16,1.5606297082631337,2.0040187384891377,83
1776098244.343741,17,1.5819198812206523,1.7437565646594015,81
1776098244.3758678,17,1.5546739560636742,1.43144195606369,76
1776098244.41066,17,1.4652157976332003,1.7437565646594015,80
1776098244.442373,17,1.414435632064768,1.8478614341912818,80
1776098244.4750059,17,1.370745336399445,1.1711797822339185,70
1776098244.50965,17,1.3116297333281257,1.0410486953190505,67
1776098244.544149,17,1.3345605648092849,1.4574681734466421,73
1776098244.57588,17,1.4502592315368132,1.5875992603615456,77
1776098244.609227,17,1.714191964177732,0.650655434574411,67
1776098244.6440508,17,1.9897586245314507,0.3903932607446395,67
1776098244.6766772,17,2.2193007097672233,1.3533633039147621,85
1776098244.709652,17,2.4348990738400795,1.8218352168083294,95
1776098244.743762,17,2.524619497744219,1.7697827820423537,96
1776098244.809607,17,2.6254713223700645,1.8738876515742695,99
1776098244.8438542,17,2.6787945072544885,1.613625477744498,96
1776098244.8757162,17,2.694025442444707,1.0410486953190505,88
1776098244.910528,17,2.766655924022288,1.561573042978558,96
1776098244.9425821,17,2.7603221312269937,1.8999138689572572,101
1776098244.976199,17,2.717800500991204,1.5355468255955702,95
1776098245.010138,17,2.649998624438507,0.9889962605530749,86
1776098245.043148,17,2.636222807899198,1.8999138689572572,100
1776098245.074937,17,2.607476994202717,1.5355468255955702,94
1776098245.109349,17,2.5989661387105847,1.5355468255955702,94
1776098245.1432278,17,2.619400582578318,1.0931011300849907,87
1776098245.176141,17,2.7597411429485037,1.5355468255955702,96
1776098245.209712,17,2.714290020710632,1.48349439082963,94
1776098245.2425401,17,2.569845540286622,1.3013108691487865,90
1776098245.305541,17,2.386660286836255,1.691704129893426,93
1776098245.341441,17,2.0665476017274274,1.7177303472764138,88
1776098245.376617,17,1.7323164228709622,1.8738876515742695,86
1776098245.410347,17,1.4577520580539713,1.43144195606369,75
1776098245.44484,17,1.3097527234788688,1.7958089994253417,78
1776098245.4805179,17,1.1018967191033826,1.4574681734466421,70
1776098245.508134,17,1.0914201847711795,1.4054157386807022,69
1776098245.5418072,17,1.1380847423271778,1.48349439082963,71
1776098245.574489,17,1.0654542607495963,1.4054157386807022,69
1776098245.610004,18,1.1805648543080092,1.1451535648509306,68
1776098245.643133,18,1.473622784890852,2.342359564467837,91
1776098245.677367,18,1.855047114111808,1.0410486953190505,77
1776098245.7099452,18,2.2503806896256764,0.9629700431701226,82
1776098245.743041,18,2.6795692126540964,2.4724906513827047,111
1776098245.777162,18,3.151102879146002,4.918955085382457,154
1776098245.810187,18,3.800576824132813,3.123146085957116,137
1776098245.8429272,18,4.123601537271278,2.6546741730635484,135
1776098245.876284,18,4.509614261534642,2.1601760427869934,133
1776098245.9109619,18,4.965790076612908,1.691704129893426,133
1776098245.943681,18,5.3133337092370265,1.43144195606369,135
1776098246.009401,18,5.922705422200302,0.8588651736382069,135
1776098246.043811,18,6.134783173113835,0.6246292171914232,135
1776098246.074949,18,6.2931613302813005,0.780786521489279,139
1776098246.108407,18,6.358938812314679,0.780786521489279,140
1776098246.1427991,18,6.422691899828739,0.7027078693403511,140
1776098246.176773,18,6.494955842834932,0.7027078693403511,141
1776098246.208684,18,6.511400213343278,0.7027078693403511,142
1776098246.241859,18,6.603254955104101,0.5986029998084353,141
1776098246.275887,18,6.488144361545689,0.8848913910211946,144
1776098246.308697,18,6.245372039772959,0.7547603041062911,138
1776098246.342583,18,5.915949376046075,0.8068127388722668,134
1776098246.3756192,18,5.491869986835725,0.7027078693403511,126
1776098246.410282,18,5.072314353026405,1.0410486953190505,125
1776098246.442571,18,4.557934035982279,0.9369438257871348,116
1776098246.476526,18,3.8551369061110448,0.9889962605530749,106
1776098246.509726,18,3.3878896433152317,0.8068127388722668,96
1776098246.541269,18,2.981550559256361,0.7287340867233388,89
1776098246.574904,18,2.590674537717526,0.8848913910211946,86
1776098246.609799,18,2.278662684890802,0.650655434574411,77
1776098246.670251,18,1.6789238611466264,0.9109176084041469,72
1776098246.7087,18,1.446519750437586,0.9629700431701226,70
1776098246.7424488,18,1.2648857414725312,0.9369438257871348,66
1776098246.775934,18,1.2494651604442233,0.8848913910211946,65
1776098246.809122,18,1.1857120729301627,0.9889962605530749,66
1776098246.843112,18,1.1134481299239698,1.1711797822339185,68
1776098246.8764842,18,1.1023408673536972,0.7027078693403511,60
1776098246.9097412,18,1.0757859191323025,1.1191273474679784,66
1776098246.9424489,18,1.0168199183881683,1.4574681734466421,71
1776098246.975671,18,0.9800491880843167,1.1451535648509306,65
1776098247.009728,18,0.9745592261854249,1.0410486953190505,64
1776098247.042339,18,1.079738013821124,1.0931011300849907,66
1776098247.075039,18,1.1883090967289789,0.4424456955105796,58
1776098247.110036,18,1.2238663917147046,0.7287340867233388,63
1776098247.1414988,18,1.275223897759057,0.9889962605530749,67
1776098247.175146,18,1.3245570092840913,0.7287340867233388,64
1776098247.20879,18,1.4134079861470543,0.8328389562552191,67
1776098247.2430668,18,1.398393801417739,0.6766816519573633,65
1776098247.275757,19,1.326660567184901,0.8068127388722668,67
1776098247.309404,19,1.3305425564720625,0.6766816519573633,65
1776098247.3432589,19,1.409984519338889,0.33834082597868165,61
1776098247.376533,19,1.4619861848329594,0.41641947812760954,63
1776098247.4090428,19,1.3458518017945098,0.26026217382975375,59
1776098247.442164,19,1.3109386662585016,0.41641947812760954,61
1776098247.476344,19,1.2845363862146266,0.6246292171914232,64
1776098247.508207,19,1.2325347207205564,0.7547603041063089,65
1776098247.5429099,19,1.167234927181127,0.6246292171914232,62
1776098247.5758872,19,1.1604234458918827,0.5986029998084531,62
1776098247.609254,19,1.1934202709807988,0.9109176084041647,67
1776098247.642462,19,1.1836792976894719,0.8588651736382069,66
1776098247.675794,19,1.0716890287645282,0.13013108691488576,53
1776098247.7095191,19,0.9767409084351621,0.13013108691488576,52
1776098247.742244,19,0.9615099732449437,0.0780786521489279,51
1776098247.775755,19,0.9304788269960982,0.05205243476595785,50
1776098247.8094342,19,0.8715128262519635,0.0780786521489279,50
1776098247.840986,19,0.8182191443747258,0.10410486953189795,49
1776098247.875736,19,0.8144452391597904,0.1561573042978558,50
1776098247.908776,19,0.7931550662022718,0.3123146085957116,52
1776098247.969989,20,0.7728287064067649,0.1041048695319157,50
1776098248.011067,20,0.7137131033354456,0.0780786521489279,49
1776098248.0427232,20,0.6781558083497201,0.2602621738297715,51
1776098248.0755022,20,0.6781558083497202,0.2602621738297715,51
1776098248.109507,20,0.6917787709282092,0.4424456955105796,54
1776098248.142239,20,0.6753344004198645,0.650655434574411,57
1776098248.1753669,20,0.6753344004198645,0.780786521489279,59
1776098248.209554,20,0.6888492789261268,0.9629700431701226,62
1776098248.242497,20,0.6888492789261268,1.0410486953190505,63
1776098248.275487,20,0.6519704645500484,0.8588651736382069,60
1776098248.308722,20,0.6316441047545416,0.9109176084041647,60
1776098248.3430011,20,0.6151997342461969,1.0670749127020205,62
1776098248.375266,20,0.5919438824486077,1.1451535648509483,63
1776098248.408868,20,0.5716175226531007,0.9629700431701048,60
1776098248.442537,20,0.5581026441468385,0.9629700431701048,60
1776098248.4758961,20,0.551291162857594,0.9109176084041647,59
1776098248.5093849,20,0.5157338678718685,1.0150224779360626,60
1776098248.542324,20,0.44596631247910073,1.0410486953190505,59
1776098248.576319,20,0.415898979392267,0.7547603041063089,55
1776098248.6089249,20,0.39945460888392226,0.6766816519573811,53
1776098248.642038,20,0.3791282490884154,0.7027078693403511,53
1776098248.675794,20,0.38593973037766,0.780786521489279,55
1776098248.709056,20,0.40626609017316684,1.0410486953190505,59
1776098248.742603,20,0.4117560520720585,1.1191273474679784,60
1776098248.775279,20,0.4546027026242785,1.1972059996169062,62
1776098248.80924,20,0.43937176743405976,0.780786521489279,55
1776098248.8420649,20,0.48645120324100766,1.1972059996169062,62
1776098248.8751092,20,0.5220084982267331,1.0410486953190505,61
1776098248.909229,20,0.6053990161979901,1.2492584343828463,65
1776098248.942666,20,0.6567565222423425,1.2492584343828463,66
1776098248.976065,20,0.7406066883531421,1.0931011300849907,65
1776098249.0087419,20,0.7851527131082501,1.5875992603615456,73
1776098249.042379,20,0.8015970836165947,1.0410486953190505,65
1776098249.075362,20,0.8276743433440397,0.9889962605530749,64
1776098249.108414,20,0.8276743433440396,1.5355468255955702,73
1776098249.142394,20,0.8480007031395463,1.7177303472764138,76
1776098249.1757529,20,0.8712565549371355,1.1972059996169062,68
1776098249.20943,20,0.8915829147326424,1.2492584343828463,69
1776098249.2416341,20,0.9435845802267125,1.2492584343828463,70
1776098249.302675,20,0.9969077651111359,0.8328389562552191,65
1776098249.342793,20,1.1252615182874266,1.5095206082126178,77
1776098249.3751302,20,1.1620322485912784,1.1191273474679784,71
1776098249.4094698,20,1.1429193241138973,1.1711797822339185,72
1776098249.442396,20,1.132961414578367,1.0670749127020027,70
1776098249.475169,20,1.1481923497685858,0.9629700431701226,69
1776098249.508285,20,1.0972309246744758,1.0410486953190505,69
1776098249.542521,20,1.1130311357331026,0.6766816519573633,64
1776098249.574166,20,1.043263580340335,0.8588651736382069,66
1776098249.60807,20,1.0347527248482025,1.0410486953190505,68
1776098249.642601,20,1.000235670262437,0.5986029998084353,61
1776098249.675583,20,0.9692045240135915,0.7547603041062911,63
1776098249.70849,20,0.9595716347944911,0.5725767824254653,60
1776098249.741887,20,0.9334943750670462,0.806812738872249,63
1776098249.77562,20,0.9499387455753909,0.3903932607446395,57
1776098249.8081422,20,0.9460567562882288,0.7287340867233211,62
1776098249.841256,20,0.9963423650983427,0.9889962605530926,67
1776098249.87621,21,1.0434218009052907,1.0670749127020205,71
1776098249.909405,21,1.0954234663993607,0.10410486953189795,57
1776098249.9405088,21,1.0585446520232826,1.3013108691488042,74
1776098249.9742248,21,0.9907852131602018,1.1711797822339185,71
1776098250.0093398,21,0.9692454180465689,1.0670749127020205,70
1776098250.041767,21,0.982868380625058,0.7547603041063089,65
1776098250.0750542,21,0.9335352691000237,0.6766816519573811,63
1776098250.109393,21,0.9183043339098051,0.3643670433616694,58
1776098250.142735,21,0.9018599634014605,0.4424456955105973,59
1776098250.1750169,21,0.8708288171526145,0.5205243476595253,60
1776098250.208411,21,0.8475729653550254,0.10410486953189795,53
1776098250.242013,21,0.840283609788531,0.05205243476595785,52
1776098250.274622,21,0.8277212285673483,0.10410486953189795,53
1776098250.3083851,21,0.8238392392801863,0.4684719128935674,58
1776098250.343126,21,0.8334721284992864,0.3643670433616694,57
1776098250.3756318,21,0.8469870070055487,0.26026217382975375,56
1776098250.408643,21,0.8373541177864485,0.3643670433616694,57
1776098250.441458,21,0.8209097472781037,0.41641947812760954,58
1776098250.4754891,21,0.77062413846799,0.5205243476595253,58
1776098250.508151,21,0.6867739723571906,0.6766816519573811,59
1776098250.541795,21,0.5827706413690501,0.9629700431701048,62
1776098250.575646,21,0.5663262708607054,0.9889962605530926,62
1776098250.636532,21,0.482476104749906,1.0410486953190328,62
1776098250.674784,22,0.48247610474990593,0.4424456955105973,55
1776098250.708433,22,0.4592202529523168,0.3123146085957116,52
1776098250.742722,22,0.4756646234606614,0.9629700431701048,62
1776098250.774883,22,0.4621497449543992,0.8848913910211769,61
1776098250.808867,22,0.482476104749906,1.379389521297732,69
1776098250.8421419,22,0.4457053744460544,1.2492584343828463,66
1776098250.875378,22,0.4224495226484652,0.8588651736382069,60
1776098250.908161,22,0.39370370895198414,1.3013108691488042,66
1776098250.9414558,22,0.41622399970869733,0.8848913910211769,60
1776098250.975279,22,0.39977962920035265,0.6766816519573811,57
1776098251.0085351,22,0.3901467399812524,0.10410486953189795,48
1776098251.04125,22,0.3901467399812525,1.7958089994253417,74
1776098251.0739121,22,0.4036616184875147,1.2752846517658163,66
1776098251.108562,22,0.38721724797917006,0.9109176084041647,60
1776098251.14121,22,0.3639613961815808,0.780786521489279,58
1776098251.174537,22,0.3968501371982702,0.9109176084041647,61
1776098251.2085938,22,0.4336208675021217,0.4684719128935674,54
1776098251.241345,22,0.44043234879136633,0.6766816519573811,58
1776098251.275166,22,0.4869440523865448,0.5465505650424953,56
1776098251.308801,22,0.45138675740081935,1.2752846517658163,67
1776098251.342247,22,0.4281309056032301,0.8848913910211769,61
1776098251.374953,22,0.42813090560323,1.0150224779360626,63
1776098251.40799,22,0.4213194243139855,1.0931011300849907,64
1776098251.441845,22,0.4009930645184786,1.0150224779360626,62
1776098251.474307,22,0.40099306451847866,0.9369438257871348,61
1776098251.508273,22,0.4009930645184786,0.7287340867233211,58
1776098251.542014,22,0.37773721272088934,0.8848913910211769,60
1776098251.5752552,22,0.3184461916603247,0.9109176084041647,59
1776098251.60789,22,0.3184461916603247,0.6506554345743932,55
1776098251.640982,22,0.3544813609233002,0.05205243476595785,47
1776098251.6748621,22,0.36704374214448277,0.0780786521489279,48
1776098251.707217,22,0.35352886363822045,0.02602621738297005,47
1776098251.741948,22,0.3699732341465652,0.4424456955105973,53
1776098251.775609,22,0.4067439644504167,0.41641947812760954,53
1776098251.8084018,22,0.3902995939420719,0.4684719128935674,54
1776098251.8412669,22,0.3767847154358097,0.5725767824254653,55
1776098251.8733902,23,0.3699732341465652,0.806812738872249,60
1776098251.9347908,23,0.32346153055138666,0.9889962605530926,62
1776098251.975977,23,0.3070171600430419,0.8848913910211769,61
1776098252.008512,23,0.3302730118406312,0.8328389562552369,60
1776098252.038763,23,0.3302730118406312,0.7547603041063089,59
1776098252.0750551,23,0.3370844931298757,0.7547603041063089,59
1776098252.107599,23,0.3370844931298757,0.6246292171914232,57
1776098252.140859,23,0.3370844931298757,0.5465505650424953,56
1776098252.175058,23,0.35352886363822045,0.5986029998084531,57
1776098252.208135,23,0.37678471543580966,0.3643670433616694,54
1776098252.24176,23,0.39322908594415434,0.10410486953189795,50
1776098252.274305,23,0.4000405672333989,0.05205243476595785,50
1776098252.3082812,23,0.40855142272553147,0.10410486953189795,50
1776098252.340954,23,0.4112199766945675,0.02602621738297005,49
1776098252.374315,23,0.4344758284921568,0.2862883912127415,54
1776098252.408332,23,0.46454316157899056,0.0,50
1776098252.4414961,23,0.42777243127513903,0.2862883912127415,54
1776098252.474916,23,0.44809879107064593,0.10410486953189795,51
1776098252.507649,23,0.4412873097814013,0.05205243476595785,50
1776098252.541539,23,0.4412873097814013,0.0,49
1776098252.574362,23,0.4645431615789906,0.02602621738297005,50
1776098252.607649,23,0.4809875320873353,0.2862883912127415,54
1776098252.641388,23,0.45773168028974603,0.5205243476595253,57
1776098252.674766,23,0.4741760507980908,0.3903932607446395,56
1776098252.7081752,23,0.46736456950884625,0.5465505650424953,58
1776098252.740803,23,0.46736456950884625,0.4684719128935674,57
1776098252.775193,23,0.46736456950884625,0.6246292171914232,59
1776098252.8075762,23,0.4741760507980908,0.6766816519573811,60
1776098252.8407931,23,0.46736456950884625,0.8588651736382069,63
1776098252.874939,23,0.46736456950884625,0.7547603041063089,61
1776098252.9078999,23,0.47699745872794647,0.26026217382975375,54
1776098252.9412658,23,0.44596631247910073,0.13013108691488576,51
1776098252.974328,23,0.39396464698503053,0.13013108691488576,51
1776098253.008448,23,0.3842236736937035,0.05205243476595785,49
1776098253.040836,23,0.33771197009852505,0.05205243476595785,49
1776098253.07406,23,0.3870450816235592,0.26026217382975375,53
1776098253.108012,23,0.3870450816235592,0.26026217382975375,53
1776098253.1413372,23,0.37060071111521453,0.1561573042978558,51
1776098253.174994,23,0.37060071111521453,0.3123146085957116,53
1776098253.207553,23,0.36378922982597,0.41641947812760954,55
1776098253.268325,23,0.34734485931762527,0.5205243476595253,56
1776098253.306601,23,0.34734485931762527,0.3123146085957116,53
1776098253.340519,23,0.3309004888092805,0.4684719128935674,55
1776098253.3754141,23,0.33771197009852505,0.5465505650424953,56
1776098253.4082408,23,0.33771197009852505,0.6246292171914232,57
1776098253.4407969,23,0.33771197009852505,0.6766816519573811,58
1776098253.4739258,23,0.3309004888092805,0.5205243476595253,56
1776098253.507933,23,0.31445611830093584,0.7027078693403511,58
1776098253.54048,23,0.31445611830093584,0.7027078693403511,58
1776098253.5738869,23,0.2815673772842464,0.6506554345743932,57
1776098253.608725,23,0.24479664698039483,0.7547603041063089,58
1776098253.6415439,23,0.24479664698039483,0.780786521489279,58
1776098253.674038,23,0.2080259166765433,0.7027078693403511,56
1776098253.7073221,23,0.24479664698039483,0.780786521489279,58
1776098253.741615,23,0.2119079059637054,0.8588651736382069,59
1776098253.7737339,23,0.1983930274574431,0.6766816519573811,56
1776098253.807254,23,0.21483739796578782,1.1711797822339185,64
1776098253.841713,23,0.1983930274574431,1.0150224779360626,61
1776098253.874976,23,0.21871938725294993,1.0670749127020205,62
1776098253.9069529,23,0.23516375776129464,0.780786521489279,58
1776098253.940445,23,0.25160812826963935,0.9629700431701048,61
1776098253.974682,23,0.25160812826963935,0.9369438257871348,61
1776098254.007638,23,0.2748639800672287,0.806812738872249,59
1776098254.040561,23,0.27486398006722856,0.8328389562552369,59
1776098254.075022,23,0.27486398006722856,0.33834082597868165,52
1776098254.10814,23,0.27486398006722856,0.3123146085957116,52
1776098254.141133,23,0.31163471037108015,0.49449813027653744,55
1776098254.173661,23,0.3184461916603247,0.4424456955105973,54
1776098254.20815,23,0.31844619166032473,0.4684719128935674,55
1776098254.240337,23,0.341702043457914,0.3643670433616694,53
1776098254.274131,23,0.3581464139662587,0.4424456955105973,55
1776098254.306752,23,0.37459078447460337,0.33834082597868165,53
1776098254.341173,23,0.36107590596834105,0.5205243476595253,56
1776098254.373548,23,0.36107590596834105,0.3123146085957116,53
1776098254.4060018,23,0.36107590596834105,0.5205243476595253,56
1776098254.4410398,23,0.34463153545999636,0.3903932607446395,54
1776098254.474106,23,0.34463153545999636,0.41641947812760954,54
1776098254.5070112,23,0.3078608051561448,0.20820973906381365,51
1776098254.541496,23,0.3078608051561447,0.41641947812760954,54
1776098254.600924,23,0.3078608051561448,0.7547603041063089,59
1776098254.6408582,23,0.3078608051561447,0.8588651736382069,60
1776098254.6737611,23,0.3133507670550365,1.0931011300849907,64
1776098254.707356,23,0.32979513756338125,1.0931011300849907,64
1776098254.740423,23,0.34623950807172593,1.0931011300849907,64
1776098254.7741141,23,0.35305098936097046,1.2752846517658163,67
1776098254.8085918,23,0.3327246295654637,1.3533633039147444,68
1776098254.8393779,23,0.3259131482762192,1.2492584343828463,66
1776098254.873616,23,0.3423575187845639,1.2492584343828463,67
1776098254.90648,23,0.33554603749531925,0.9369438257871348,62
1776098254.941134,23,0.35199040800366405,0.8848913910211769,61
1776098254.973692,23,0.35199040800366405,0.8848913910211769,61
1776098255.0076742,23,0.3287345562060748,0.8848913910211769,61
1776098255.0416598,23,0.3355460374953193,0.9629700431701048,62
1776098255.0737338,23,0.3287345562060748,1.0410486953190328,63
1776098255.106561,23,0.3287345562060748,1.0931011300849907,64
1776098255.140125,23,0.34517892671441947,1.1711797822339185,66
1776098255.174133,23,0.36843477851200873,1.1451535648509483,66
1776098255.206957,23,0.37524625980125326,1.0931011300849907,65
1776098255.2409868,23,0.39557261959676016,1.0410486953190328,64
1776098255.2753751,23,0.41201699010510484,0.8848913910211769,62
1776098255.3069692,23,0.3764596951193793,1.0410486953190328,64
1776098255.3394308,23,0.34357095410268984,1.0410486953190328,64
1776098255.373548,23,0.34357095410268984,1.1972059996168884,66
1776098255.40759,23,0.3367594728134453,1.1451535648509483,65
1776098255.4405382,23,0.3203151023051007,1.0931011300849907,64
1776098255.474429,23,0.3038707317967559,1.0150224779360626,63
1776098255.508348,23,0.3038707317967559,0.9889962605530926,62
1776098255.540166,23,0.3038707317967559,0.9369438257871348,61
1776098255.5736132,23,0.28742636128841126,0.780786521489279,59
1776098255.606965,23,0.28742636128841115,0.7287340867233211,58
1776098255.641031,23,0.3038707317967559,0.8848913910211769,61
1776098255.6738281,23,0.2970592505075114,1.0410486953190328,63
1776098255.707457,23,0.29705925050751136,0.8848913910211769,61
1776098255.7409909,23,0.31350362101585605,0.7547603041063089,59
1776098255.7735522,23,0.3338299808113629,0.6506554345743932,58
1776098255.8065941,23,0.3270184995221184,0.5986029998084531,57
1776098255.840082,23,0.32020701823287384,0.5986029998084531,57
1776098255.901302,23,0.2834362879290223,0.5986029998084531,56
1776098255.940556,23,0.2669919174206776,0.6766816519573811,57
1776098255.974168,23,0.2669919174206776,0.7287340867233211,58
1776098256.0064352,23,0.29024776921826684,0.49449813027653744,55
1776098256.040145,23,0.29024776921826684,0.5986029998084531,56
1776098256.073548,23,0.3066921397266116,0.5465505650424953,56
1776098256.1066618,23,0.32313651023495626,0.33834082597868165,53
1776098256.14031,23,0.32313651023495626,0.5725767824254653,56
1776098256.173759,23,0.32313651023495626,0.5465505650424953,56
1776098256.207426,23,0.3066921397266116,0.6506554345743932,57
1776098256.239722,23,0.3066921397266116,0.5986029998084531,56
1776098256.272346,23,0.29024776921826684,0.806812738872249,59
1776098256.305072,23,0.27380339870992215,0.9109176084041647,61
1776098256.339474,23,0.27380339870992215,0.7027078693403511,57
1776098256.374107,23,0.27380339870992215,0.8588651736382069,60
1776098256.4071941,23,0.2573590282015774,0.8328389562552369,59
1776098256.4404638,23,0.24384414969531512,0.8328389562552369,59
1776098256.473502,23,0.24384414969531512,0.8328389562552369,59
1776098256.507313,23,0.24384414969531512,0.780786521489279,58
1776098256.539433,23,0.24384414969531512,0.806812738872249,59
1776098256.5725708,23,0.22739977918697038,0.7547603041063089,58
1776098256.607347,23,0.21095540867862564,0.7027078693403511,57
1776098256.64026,23,0.20414392738938114,0.7547603041063089,57
1776098256.674262,23,0.2109554086786257,0.806812738872249,58
1776098256.7067661,23,0.19451103817028098,0.6766816519573811,56
1776098256.740862,23,0.17806666766193624,0.7547603041063089,57
1776098256.773002,23,0.19451103817028095,0.5725767824254653,54
1776098256.806026,23,0.1780666676619362,0.5986029998084531,54
1776098256.839906,23,0.20132251945952548,0.6766816519573811,56
1776098256.873728,23,0.18487814895118077,0.33834082597868165,51
1776098256.9070249,23,0.20132251945952548,0.2862883912127415,50
1776098256.9395058,23,0.20132251945952545,0.3123146085957116,51
1776098256.973631,23,0.20132251945952545,0.3643670433616694,51
1776098257.005964,23,0.20813400074877,0.3123146085957116,51
1776098257.039354,23,0.22457837125711472,0.3643670433616694,52
1776098257.073728,23,0.20132251945952548,0.18218352168082586,49
1776098257.107198,23,0.18487814895118077,0.2862883912127415,50
1776098257.140193,23,0.18487814895118077,0.1561573042978558,48
1776098257.173501,23,0.20132251945952545,0.2342359564467837,49
1776098257.233047,23,0.20132251945952545,0.10410486953189795,47
1776098257.273473,23,0.2177668899678702,0.26026217382975375,50
1776098257.3062248,23,0.2177668899678702,0.18218352168082586,49
1776098257.340432,23,0.21095540867862564,0.3643670433616694,51
1776098257.373624,24,0.19451103817028095,0.6246292171914232,57
1776098257.405576,24,0.2312817684741325,0.33834082597868165,53
1776098257.439429,24,0.2312817684741325,0.5725767824254653,57
1776098257.4733179,24,0.2312817684741325,0.6766816519573811,58
1776098257.506117,24,0.22447028718488798,0.6506554345743932,58
1776098257.539347,24,0.22447028718488798,1.0410486953190328,64
1776098257.573822,24,0.22447028718488798,1.535546825595588,71
1776098257.606942,24,0.24091465769323273,0.9889962605530926,63
1776098257.6394722,24,0.24091465769323273,1.0410486953190328,64
1776098257.673238,24,0.23410317640398817,0.9629700431701048,63
1776098257.7068741,24,0.24091465769323273,1.0670749127020205,64
1776098257.7397382,24,0.2573590282015774,1.1191273474679606,65
1776098257.772596,24,0.2573590282015774,1.1191273474679606,65
1776098257.806935,24,0.2573590282015774,1.2232322169998764,67
1776098257.8400798,24,0.2573590282015774,1.2492584343828463,67
1776098257.8725681,24,0.27380339870992215,1.0931011300849907,65
1776098257.906018,24,0.27380339870992215,1.379389521297732,69
1776098257.940345,24,0.2573590282015774,1.3273370865317742,68
1776098257.9725661,24,0.24091465769323273,1.3013108691488042,68
1776098258.0060642,24,0.2573590282015774,1.1191273474679606,65
1776098258.040353,24,0.22058829789772588,1.3273370865317742,68
1776098258.073347,24,0.20414392738938114,1.1711797822339185,65
1776098258.106069,24,0.20414392738938114,1.1191273474679606,65
1776098258.1392,24,0.20414392738938114,0.9109176084041647,61
1776098258.173084,24,0.22058829789772588,1.1191273474679606,65
1776098258.205954,24,0.22058829789772588,1.1451535648509483,65
1776098258.238712,24,0.22058829789772588,1.0670749127020205,64
1776098258.273503,24,0.20414392738938114,1.2752846517658163,67
1776098258.306829,24,0.22447028718488798,1.3533633039147444,68
1776098258.339231,24,0.21765880589564346,1.3273370865317742,68
1776098258.371804,24,0.21765880589564346,1.5875992603615279,72
1776098258.4064739,24,0.25442953619949504,0.7547603041063089,60
1776098258.439397,24,0.25442953619949504,0.7287340867233211,59
1776098258.472456,24,0.26124101748873957,0.7027078693403511,59
1776098258.5343502,24,0.26124101748873957,0.3903932607446395,54
1776098258.572761,24,0.27768538799708425,1.6136254777445158,73
1776098258.605852,24,0.294129758505429,1.5095206082126,72
1776098258.639084,24,0.294129758505429,1.1972059996168884,67
1776098258.67331,24,0.3009412397946736,1.1451535648509483,66
1776098258.70573,24,0.31738561030301826,1.3013108691488042,69
1776098258.739672,24,0.33382998081136295,1.0150224779360626,65
1776098258.7734022,24,0.33382998081136295,1.0150224779360626,65
1776098258.805662,24,0.33382998081136295,1.1711797822339185,67
1776098258.83899,24,0.33382998081136295,1.1451535648509483,67
1776098258.872403,24,0.33382998081136295,1.1451535648509483,67
1776098258.906739,24,0.31738561030301826,1.1451535648509483,67
1776098258.939241,24,0.31738561030301826,1.1451535648509483,67
1776098258.972806,24,0.2970592505075114,1.1451535648509483,66
1776098259.007047,24,0.29705925050751136,1.1972059996168884,67
1776098259.039079,24,0.2806148799991667,1.1191273474679606,66
1776098259.071913,24,0.26028852020365983,0.9889962605530926,63
1776098259.105942,24,0.24384414969531512,0.9109176084041647,62
1776098259.139884,24,0.22058829789772588,0.9109176084041647,62
1776098259.17211,24,0.20414392738938114,0.9109176084041647,61
1776098259.206511,24,0.17125518637269171,0.8848913910211769,61
1776098259.240465,24,0.154810815864347,0.9889962605530926,62
1776098259.2723389,24,0.17125518637269171,0.8588651736382069,60
1776098259.3053901,24,0.17125518637269171,0.9889962605530926,62
1776098259.3392022,24,0.17125518637269171,1.1451535648509483,64
1776098259.3732212,24,0.17125518637269171,1.0931011300849907,64
1776098259.405356,24,0.17125518637269171,1.1972059996168884,65
1776098259.439518,24,0.154810815864347,1.1451535648509483,64
1776098259.4735959,24,0.154810815864347,0.7287340867233211,58
1776098259.505381,24,0.16162229715359155,0.780786521489279,59
1776098259.539422,24,0.17806666766193624,0.6766816519573811,58
1776098259.572064,24,0.19451103817028098,0.7287340867233211,59
1776098259.605591,24,0.19451103817028095,0.7287340867233211,59
1776098259.6366599,24,0.19451103817028095,0.806812738872249,60
1776098259.670431,24,0.19451103817028095,0.7547603041063089,59
1776098259.7064588,24,0.1780666676619362,0.7547603041063089,59
1776098259.73935,24,0.17806666766193624,0.806812738872249,59
1776098259.771792,24,0.1780666676619362,0.8328389562552369,60
1776098259.8054929,24,0.1780666676619362,0.8328389562552369,60
1776098259.865776,24,0.19451103817028095,0.7547603041063089,59
1776098259.9053729,24,0.2109554086786257,0.7547603041063089,59
1776098259.9392378,24,0.21095540867862564,0.780786521489279,60
1776098259.972388,24,0.20414392738938114,0.780786521489279,59
1776098260.0050051,24,0.18769955688103643,0.5725767824254653,56
1776098260.038193,24,0.18769955688103643,0.6766816519573811,58
1776098260.071597,24,0.18769955688103643,0.7027078693403511,58
1776098260.112181,24,0.20414392738938114,0.7287340867233211,59
1776098260.139435,24,0.18769955688103643,0.780786521489279,59
1776098260.172626,24,0.16444370508344716,0.7287340867233211,58
1776098260.205706,24,0.14799933457510245,0.6766816519573811,57
1776098260.23832,24,0.13155496406675773,0.806812738872249,59
1776098260.272104,24,0.11511059355841302,0.806812738872249,59
1776098260.304843,24,0.11511059355841302,0.806812738872249,59
1776098260.338582,24,0.11511059355841302,0.806812738872249,59
1776098260.372315,24,0.13155496406675773,0.6766816519573811,57
1776098260.4061592,24,0.14799933457510245,0.7547603041063089,58
1776098260.439435,24,0.16444370508344716,0.7547603041063089,58
1776098260.4699461,24,0.16444370508344716,0.7547603041063089,58
1776098260.5052102,24,0.17125518637269171,0.6506554345743932,57
1776098260.5384672,24,0.154810815864347,0.6766816519573811,57
1776098260.572767,24,0.154810815864347,0.7287340867233211,58
1776098260.606018,24,0.16162229715359155,0.7287340867233211,58
1776098260.639334,24,0.16162229715359155,0.9369438257871348,61
1776098260.671799,24,0.14517792664524679,1.0931011300849907,63
1776098260.705407,24,0.14517792664524679,1.0931011300849907,63
1776098260.737749,25,0.14517792664524679,0.8588651736382069,62
1776098260.771727,25,0.16843377844283605,1.3013108691488042,69
1776098260.806249,25,0.1916896302404253,0.806812738872249,62
1776098260.8390121,25,0.20813400074877003,1.0670749127020205,66
1776098260.872322,25,0.24102274176545943,1.0931011300849907,67
1776098260.905461,25,0.25746711227380414,0.9889962605530926,65
1776098260.938196,25,0.2739114827821489,0.9889962605530926,66
1776098260.971591,25,0.29035585329049357,1.0150224779360626,66
1776098261.0040011,25,0.29716733457973815,0.9889962605530926,66
1776098261.0393128,25,0.3039788158689827,0.6246292171914232,60
1776098261.072145,25,0.3039788158689827,1.0410486953190328,67
1776098261.1054862,25,0.32723466766657194,1.0150224779360626,67
1776098261.138728,25,0.3559804813630529,0.8848913910211769,65
1776098261.198387,25,0.37923633316064215,0.8848913910211769,66
1776098261.238631,25,0.37923633316064215,0.780786521489279,64
1776098261.2716658,25,0.3724248518713977,0.6766816519573811,62
1776098261.306425,25,0.3956807036689869,0.7547603041063089,64
1776098261.3386729,25,0.41893655546657615,0.7027078693403511,63
1776098261.371632,25,0.41893655546657615,0.6766816519573811,63
1776098261.404848,25,0.41893655546657615,0.5465505650424953,61
1776098261.4390972,25,0.4121250741773316,0.6246292171914232,62
1776098261.471452,25,0.40531359288808705,0.7027078693403511,63
1776098261.504691,25,0.40531359288808705,0.6506554345743932,62
1776098261.539092,25,0.38886922237974236,0.6246292171914232,62
1776098261.571667,25,0.38886922237974236,0.5465505650424953,61
1776098261.6048052,25,0.37923633316064215,0.6246292171914232,62
1776098261.638189,25,0.37923633316064215,0.5205243476595253,60
1776098261.668969,25,0.37242485187139757,0.806812738872249,64
1776098261.7014668,25,0.37242485187139757,0.9629700431701048,67
1776098261.734884,25,0.37242485187139757,0.8848913910211769,65
1776098261.76962,25,0.3491690000738084,1.0410486953190328,67
1776098261.80351,25,0.3204231863773274,0.9889962605530926,66
1776098261.835763,25,0.3136117050880829,0.7287340867233211,62
1776098261.8681269,25,0.3339380648835897,0.9889962605530926,66
1776098261.902465,25,0.3542644246790965,0.9369438257871348,66
1776098261.937479,25,0.3967860549148861,1.0150224779360626,68
1776098261.971311,25,0.44133207966999416,0.780786521489279,65
1776098262.005738,25,0.4781028099738457,0.9369438257871348,68
1776098262.038636,25,0.4849142912630902,0.6766816519573811,64
1776098262.0713642,25,0.5052406510585972,0.8328389562552369,67
1776098262.1046221,25,0.5381293920752864,0.9109176084041647,68
1776098262.138825,25,0.6055351876777413,0.9889962605530926,70
1776098262.171357,25,0.6548682992027753,1.0410486953190328,72
1776098262.2043462,25,0.7042014107278095,0.9889962605530926,72
1776098262.236468,25,0.7274572625253987,0.8588651736382069,70
1776098262.2714171,25,0.7603460035420883,1.0150224779360626,73
1776098262.303236,25,0.7932347445587777,1.1451535648509483,76
1776098262.336374,25,0.8028676337778778,1.0150224779360626,74
1776098262.3713841,25,0.802867633777878,0.9889962605530926,73
1776098262.4037492,25,0.8193120042862226,0.9369438257871348,73
1776098262.43711,25,0.7960561524886333,0.8328389562552369,71
1776098262.497994,25,0.7960561524886333,0.7287340867233211,69
1776098262.538191,25,0.7757297926931265,0.6246292171914232,68
1776098262.567801,25,0.762214914186864,0.9369438257871348,72
1776098262.604543,25,0.71288180266183,0.9889962605530926,72
1776098262.637443,25,0.6683357779067219,1.48349439082963,79
1776098262.670402,25,0.6548208994004596,1.9259400863402274,85
1776098262.704088,25,0.6315650476028704,1.7958089994253417,83
1776098262.7378628,25,0.618050169096608,1.45746817344666,78
1776098262.770187,25,0.5919729093691631,1.4054157386807022,77
1776098262.80434,25,0.5081227432583638,1.379389521297732,75
1776098262.837882,25,0.4423452612249849,1.3273370865317742,73
1776098262.871941,25,0.37656777919160606,1.45746817344666,74
1776098262.904196,25,0.3300560755964276,1.4054157386807022,73
1776098262.938334,25,0.29716733457973815,1.4054157386807022,72
1776098262.972215,25,0.2710900748522932,1.48349439082963,73
1776098263.0043578,25,0.26145718563319303,1.535546825595588,74
1776098263.037444,25,0.26145718563319303,1.6136254777445158,75
1776098263.0707672,25,0.2682686669224375,1.3273370865317742,70
1776098263.1048498,25,0.28471303743078225,1.4314419560636722,72
1776098263.13782,25,0.28471303743078225,1.379389521297732,72
1776098263.171406,25,0.28471303743078225,1.4054157386807022,72
1776098263.2056751,25,0.2779015561415378,1.48349439082963,73
1776098263.237521,25,0.28471303743078225,1.3013108691488042,70
1776098263.271101,25,0.2779015561415378,1.48349439082963,73
1776098263.304297,25,0.2546457043439485,1.5875992603615279,74
1776098263.337257,25,0.2546457043439485,1.535546825595588,73
1776098263.3696718,25,0.23138985254635927,1.48349439082963,72
1776098263.403411,25,0.23138985254635927,0.8588651736382069,63
1776098263.4379368,25,0.23138985254635927,0.7547603041063089,61
1776098263.470436,25,0.24783422305470398,0.6506554345743932,60
1776098263.503129,25,0.2642785935630487,0.7287340867233211,61
1776098263.537786,25,0.2642785935630487,0.7287340867233211,61
1776098263.5712042,25,0.27109007485229325,0.8328389562552369,63
1776098263.604189,25,0.27109007485229325,0.8848913910211769,64
1776098263.637928,25,0.2642785935630487,0.9109176084041647,64
1776098263.672142,25,0.2642785935630487,0.8588651736382069,63
1776098263.703476,25,0.24102274176545943,0.806812738872249,62
1776098263.7372968,25,0.22457837125711472,0.7027078693403511,60
1776098263.7690802,25,0.22457837125711472,0.6506554345743932,60
1776098263.829442,25,0.23138985254635927,0.6766816519573811,60
1776098263.8700218,25,0.23138985254635927,0.7547603041063089,61
1776098263.903924,25,0.22457837125711472,0.8328389562552369,62
1776098263.937639,25,0.22457837125711472,0.7547603041063089,61
1776098263.970699,25,0.24102274176545943,0.6766816519573811,60
1776098264.004086,25,0.25746711227380414,0.7547603041063089,62
1776098264.037429,25,0.2739114827821489,0.7547603041063089,62
1776098264.071158,25,0.2506556309845596,0.7547603041063089,62
1776098264.104077,25,0.2506556309845596,0.780786521489279,62
1776098264.137129,25,0.23421126047621488,0.6506554345743932,60
1776098264.16959,25,0.2177668899678702,0.6506554345743932,60
1776098264.20251,25,0.2177668899678702,0.6246292171914232,59
1776098264.2364302,25,0.19451103817028095,0.6506554345743932,59
1776098264.269186,25,0.18769955688103643,0.806812738872249,61
1776098264.3039901,24,0.17125518637269171,0.7287340867233211,58
1776098264.33744,24,0.154810815864347,0.7547603041063089,58
1776098264.371131,24,0.17125518637269171,0.7287340867233211,58
1776098264.404248,24,0.17125518637269171,0.7027078693403511,58
1776098264.437181,24,0.154810815864347,0.780786521489279,59
1776098264.47061,24,0.13155496406675773,0.5986029998084531,56
1776098264.502906,24,0.13836644535600226,0.8588651736382069,60
1776098264.536919,24,0.12192207484765756,0.7287340867233211,57
1776098264.569725,24,0.10547770433931282,0.806812738872249,58
1776098264.6028092,23,0.0890333338309681,0.780786521489279,56
1776098264.635957,23,0.07258896332262339,0.8848913910211769,57
1776098264.666811,23,0.05614459281427868,0.780786521489279,55
1776098264.703223,23,0.05614459281427868,0.780786521489279,55
1776098264.7364092,23,0.05614459281427868,0.7027078693403511,54
1776098264.77112,23,0.05614459281427868,0.9369438257871348,58
1776098264.804142,23,0.05614459281427868,0.780786521489279,55
1776098264.8372638,23,0.05614459281427868,0.806812738872249,56
1776098264.870204,23,0.05614459281427868,0.8328389562552369,56
1776098264.903403,23,0.039700222305933966,0.9109176084041647,57
1776098264.935839,23,0.039700222305933966,0.7547603041063089,55
1776098264.969206,23,0.039700222305933966,0.8588651736382069,56
1776098265.002862,23,0.02325585179758925,0.7547603041063089,54
1776098265.0354738,23,0.02325585179758925,0.7027078693403511,54
1776098265.0709918,23,0.02325585179758925,0.7027078693403511,54
1776098265.1033401,23,0.02325585179758925,0.7287340867233211,54
1776098265.163571,23,0.02325585179758925,0.806812738872249,55
1776098265.202942,23,0.039700222305933966,0.8588651736382069,56
1776098265.235407,23,0.05614459281427868,0.8848913910211769,57
1776098265.270876,23,0.05614459281427868,0.7547603041063089,55
1776098265.3103511,23,0.05614459281427868,0.8588651736382069,57
1776098265.368664,23,0.07258896332262339,0.780786521489279,56
1776098265.402307,23,0.09584481512021265,0.7287340867233211,55
1776098265.436363,23,0.09584481512021265,0.8328389562552369,57
1776098265.468516,23,0.11228918562855736,0.5986029998084531,53
1776098265.502675,23,0.12873355613690207,0.5205243476595253,53
1776098265.537646,23,0.14517792664524679,0.9889962605530926,60
1776098265.568782,23,0.16162229715359153,0.806812738872249,57
1776098265.6019351,23,0.16162229715359153,0.7547603041063089,57
1776098265.63573,23,0.18487814895118077,0.5986029998084531,55
1776098265.668405,23,0.20132251945952548,0.5986029998084531,55
1776098265.7034361,23,0.22457837125711472,0.8328389562552369,59
1776098265.736931,23,0.24102274176545943,0.7547603041063089,58
1776098265.7709708,23,0.2642785935630487,0.7027078693403511,57
1776098265.802009,23,0.2642785935630487,0.806812738872249,59
1776098265.8342872,23,0.2642785935630487,0.7547603041063089,58
1776098265.868791,23,0.2642785935630487,0.9629700431701048,61
1776098265.9008372,22,0.27109007485229325,0.7027078693403511,56
1776098265.934827,22,0.28753444536063794,0.8588651736382069,58
1776098265.969573,22,0.3039788158689826,0.7027078693403511,56
1776098266.004121,22,0.31079029715822715,0.8328389562552369,58
1776098266.034029,22,0.3039788158689827,0.7547603041063089,57
1776098266.068344,22,0.3039788158689827,0.8588651736382069,58
1776098266.102129,22,0.3039788158689826,0.8588651736382069,58
1776098266.133857,22,0.3039788158689826,0.806812738872249,58
1776098266.1690948,22,0.28753444536063794,0.806812738872249,57
1776098266.2035048,22,0.27109007485229325,0.8588651736382069,58
1776098266.2374349,22,0.2710900748522932,0.806812738872249,57
1776098266.269247,22,0.24783422305470393,0.806812738872249,57
1776098266.30162,22,0.24783422305470398,1.0150224779360626,60
1776098266.336034,22,0.24102274176545943,0.9369438257871348,59
1776098266.368669,22,0.22457837125711472,0.9109176084041647,58
1776098266.4018319,22,0.20132251945952545,0.780786521489279,56
1776098266.4347782,22,0.20132251945952545,1.0150224779360626,59
1776098266.497344,22,0.19451103817028095,0.806812738872249,56
1776098266.534197,22,0.20132251945952548,0.780786521489279,56
1776098266.5685918,22,0.19451103817028098,0.9109176084041647,57
1776098266.6001458,22,0.19451103817028098,0.8588651736382069,57
1776098266.635673,22,0.19451103817028095,0.780786521489279,56
1776098266.669812,22,0.18769955688103643,0.806812738872249,56
1776098266.701505,22,0.18769955688103643,0.806812738872249,56
1776098266.736903,21,0.18769955688103643,0.8588651736382069,55
1776098266.766318,21,0.18769955688103643,0.8588651736382069,55
1776098266.80233,21,0.18769955688103643,0.8328389562552369,54
1776098266.8359082,21,0.18769955688103643,0.7547603041063089,53
1776098266.8701718,20,0.18769955688103643,0.8848913910211769,53
1776098266.902713,20,0.18769955688103643,0.9369438257871348,54
1776098266.936866,20,0.18769955688103643,0.8848913910211769,53
1776098266.969599,20,0.18769955688103643,0.9629700431701048,54
1776098267.002354,20,0.18769955688103643,0.8848913910211769,53
1776098267.0356271,20,0.18769955688103643,0.9109176084041647,54
1776098267.069292,20,0.18769955688103643,0.8328389562552369,52
1776098267.103015,20,0.18769955688103643,0.8588651736382069,53
1776098267.136037,20,0.18769955688103643,0.8328389562552369,52
1776098267.1695511,20,0.1808880755917919,0.8328389562552369,52
1776098267.202274,20,0.1808880755917919,0.8848913910211769,53
1776098267.235743,20,0.16444370508344716,0.8328389562552369,52
1776098267.2674198,20,0.17125518637269171,0.9629700431701048,54
1776098267.30016,20,0.154810815864347,0.9629700431701048,54
1776098267.336361,20,0.13836644535600226,0.9109176084041647,53
1776098267.3694952,20,0.13836644535600226,0.806812738872249,51
1776098267.403002,20,0.12192207484765756,0.8848913910211769,52
1776098267.4349508,20,0.10547770433931282,0.9109176084041647,52
1776098267.467381,20,0.10547770433931282,0.6246292171914232,48
1776098267.501889,20,0.10547770433931282,0.7027078693403511,49
1776098267.535403,20,0.10547770433931282,0.8588651736382069,52
1776098267.5696409,20,0.12192207484765756,0.7027078693403511,50
1776098267.602224,20,0.12873355613690207,0.7027078693403511,50
1776098267.634666,19,0.11228918562855736,0.7027078693403511,47
1776098267.669773,19,0.12873355613690207,0.5986029998084531,46
1776098267.702189,19,0.15198940793449134,0.7027078693403511,48
1776098267.735476,19,0.16843377844283605,0.7027078693403511,48
1776098267.769282,19,0.16843377844283605,0.7547603041063089,49
1776098267.8285272,19,0.16843377844283602,0.806812738872249,50
1776098267.8691351,19,0.16843377844283602,0.7547603041063089,49
1776098267.89983,19,0.18487814895118077,0.6766816519573811,48
1776098267.93594,19,0.16162229715359153,0.806812738872249,50
1776098267.969046,19,0.18487814895118077,0.780786521489279,50
1776098268.001785,19,0.20813400074877003,0.806812738872249,50
1776098268.035386,19,0.20813400074877003,0.6766816519573811,49
1776098268.07005,19,0.20813400074877,0.7547603041063089,50
1776098268.10188,19,0.20813400074877,0.7027078693403511,49
1776098268.1351979,19,0.22457837125711472,0.7027078693403511,49
1776098268.169536,19,0.24102274176545943,0.7027078693403511,49
1776098268.202108,19,0.24102274176545943,0.7027078693403511,49
1776098268.235025,19,0.24102274176545943,0.5465505650424953,47
1776098268.2688682,19,0.24102274176545946,0.7287340867233211,50
1776098268.303342,19,0.2574671122738042,0.7287340867233211,50
1776098268.3353658,19,0.24102274176545943,0.780786521489279,51
1776098268.368893,19,0.2177668899678702,0.7027078693403511,49
1776098268.402776,19,0.20132251945952548,0.6506554345743932,48
1776098268.434816,19,0.20132251945952548,0.5986029998084531,47
1776098268.4684641,19,0.20132251945952548,0.6506554345743932,48
1776098268.501673,19,0.18487814895118077,0.6506554345743932,48
1776098268.53642,18,0.16843377844283605,0.5205243476595253,44
1776098268.5694232,18,0.1916896302404253,0.7027078693403511,47
1776098268.602056,18,0.16843377844283605,0.7027078693403511,46
1776098268.635749,18,0.14517792664524679,0.7547603041063089,47
1776098268.6687958,18,0.14517792664524679,0.7547603041063089,47
1776098268.7016141,18,0.14517792664524679,0.7027078693403511,46
1776098268.734598,18,0.14517792664524679,0.6766816519573811,46
1776098268.769279,18,0.12873355613690207,0.5205243476595253,43
1776098268.80256,18,0.12873355613690207,0.49449813027653744,43
1776098268.835201,18,0.14517792664524679,0.4684719128935674,43
1776098268.86886,18,0.14517792664524679,0.5465505650424953,44
1776098268.901356,18,0.12192207484765756,0.5465505650424953,43
1776098268.9344041,18,0.12873355613690207,0.5465505650424953,44
1776098268.968137,18,0.12873355613690207,0.5465505650424953,44
1776098269.002311,18,0.12873355613690207,0.6506554345743932,45
1776098269.035707,18,0.12873355613690207,0.5725767824254653,44
1776098269.067617,18,0.12873355613690207,0.5725767824254653,44
1776098269.1287282,18,0.11228918562855736,0.5725767824254653,44
1776098269.167694,17,0.12873355613690207,0.5205243476595253,41
1776098269.200076,17,0.15198940793449134,0.49449813027653744,41
1776098269.2358358,17,0.12873355613690207,0.49449813027653744,41
1776098269.2705832,17,0.14517792664524679,0.3123146085957116,38
1776098269.299304,17,0.16162229715359153,0.18218352168082586,37
1776098269.333003,17,0.1780666676619362,0.2342359564467837,38
1776098269.3677309,17,0.19451103817028095,0.10410486953189795,36
1776098269.4007418,17,0.19451103817028095,0.0780786521489279,36
1776098269.435015,17,0.21095540867862564,0.26026217382975375,39
1776098269.4690151,17,0.19451103817028095,0.2342359564467837,38
1776098269.5016341,17,0.19451103817028095,0.20820973906381365,38
1776098269.534878,17,0.1780666676619362,0.20820973906381365,37
1776098269.5658119,17,0.1780666676619362,0.20820973906381365,37
1776098269.6018739,17,0.17806666766193624,0.13013108691488576,36
1776098269.6342819,17,0.19451103817028098,0.26026217382975375,38
1776098269.667095,17,0.2109554086786257,0.02602621738297005,35
1776098269.701161,17,0.22739977918697038,0.49449813027653744,42
1776098269.735945,17,0.23421126047621493,0.7547603041063089,46
1776098269.7674088,17,0.23421126047621493,0.5205243476595253,43
1776098269.800849,17,0.23421126047621493,0.3643670433616694,40
1776098269.834354,17,0.21095540867862564,0.41641947812760954,41
1776098269.867509,17,0.22739977918697038,0.41641947812760954,41
1776098269.899931,17,0.21095540867862564,0.2862883912127415,39
1776098269.933558,17,0.21095540867862564,0.0780786521489279,36
1776098269.966679,17,0.21095540867862564,0.2342359564467837,38
1776098270.000297,17,0.2177668899678702,0.3643670433616694,40
1776098270.032346,17,0.23421126047621493,0.26026217382975375,39
1776098270.068025,17,0.23421126047621493,0.3643670433616694,40
1776098270.099827,17,0.2506556309845596,0.5465505650424953,43
1776098270.133494,17,0.2506556309845596,0.5725767824254653,44
1776098270.167156,17,0.2506556309845596,0.3903932607446395,41
1776098270.2015061,17,0.2506556309845596,0.6246292171914232,45
1776098270.233781,17,0.22739977918697038,0.7287340867233211,46
1776098270.267615,17,0.22739977918697038,0.5725767824254653,44
1776098270.301166,17,0.22739977918697038,0.5465505650424953,43
1776098270.333445,17,0.22739977918697038,0.6246292171914232,44
1776098270.3662138,17,0.2273997791869704,0.7027078693403511,45
1776098270.4007418,17,0.24384414969531512,0.6506554345743932,45
1776098270.462639,17,0.2273997791869704,0.6766816519573811,45
1776098270.500857,17,0.22739977918697038,0.6246292171914232,44
1776098270.5332742,17,0.23421126047621496,0.6246292171914232,44
1776098270.5674849,16,0.2506556309845597,0.5986029998084531,42
1776098270.59923,16,0.2506556309845597,0.5465505650424953,42
1776098270.633921,16,0.25746711227380414,0.7547603041063089,45
1776098270.6684968,16,0.2574671122738042,0.780786521489279,45
1776098270.701083,16,0.2642785935630487,0.6766816519573811,44
1776098270.734379,16,0.2642785935630487,0.780786521489279,45
1776098270.767833,16,0.24783422305470398,0.780786521489279,45
1776098270.8015418,16,0.23138985254635927,0.7287340867233211,44
1776098270.833452,16,0.24783422305470398,0.6766816519573811,43
1776098270.868628,16,0.24783422305470398,0.6766816519573811,43
1776098270.901258,16,0.27109007485229325,0.7287340867233211,45
1776098270.934019,16,0.27109007485229325,0.18218352168082586,36
1776098270.967409,16,0.27109007485229325,0.0780786521489279,35
1776098270.998761,16,0.27109007485229325,0.0780786521489279,35
1776098271.034582,16,0.2642785935630487,0.18218352168082586,36
1776098271.0674791,16,0.2642785935630487,0.3123146085957116,38
1776098271.098449,16,0.2642785935630487,0.2862883912127415,38
1776098271.131645,16,0.2642785935630487,0.26026217382975375,37
1776098271.16526,16,0.24102274176545943,0.3123146085957116,38
1776098271.1995258,16,0.24102274176545943,0.2342359564467837,37
1776098271.232828,16,0.24102274176545943,0.3903932607446395,39
1776098271.267603,16,0.23421126047621488,0.4424456955105973,40
1776098271.3009028,16,0.21095540867862564,0.41641947812760954,39
1776098271.3343759,16,0.20414392738938114,0.41641947812760954,39
1776098271.3667572,16,0.20414392738938114,0.2862883912127415,37
1776098271.400465,16,0.22058829789772588,0.49449813027653744,40
1776098271.431635,16,0.23703266840607057,0.4424456955105973,40
1776098271.46671,16,0.22058829789772588,0.3903932607446395,39
1776098271.499258,16,0.22058829789772588,0.2862883912127415,37
1776098271.5322099,16,0.22058829789772588,0.2342359564467837,36
1776098271.565883,16,0.20414392738938114,0.20820973906381365,36
1776098271.599952,16,0.2109554086786257,0.3643670433616694,38
1776098271.632782,16,0.19451103817028098,0.4424456955105973,39
1776098271.6650739,16,0.17806666766193624,0.5465505650424953,40
1776098271.698611,16,0.16162229715359153,0.3903932607446395,38
1776098271.7329888,16,0.1780666676619362,0.4424456955105973,39
1776098271.79319,16,0.1780666676619362,0.5465505650424953,40
1776098271.83216,16,0.20132251945952548,0.6246292171914232,42
1776098271.865242,16,0.20132251945952548,0.5205243476595253,40
1776098271.8987782,16,0.18487814895118077,0.4684719128935674,39
1776098271.932011,16,0.16843377844283602,0.4684719128935674,39
1776098271.965127,16,0.1916896302404253,0.5725767824254653,41
1776098271.9985979,16,0.1916896302404253,0.4684719128935674,40
1776098272.032939,16,0.1916896302404253,0.13013108691488576,34
1776098272.066412,16,0.1916896302404253,0.0780786521489279,34
1776098272.099081,16,0.1916896302404253,0.0780786521489279,34
1776098272.133068,16,0.1916896302404253,0.18218352168082586,35
1776098272.1656818,16,0.20813400074877,0.02602621738297005,33
1776098272.19869,16,0.18487814895118077,0.02602621738297005,33
1776098272.2312598,16,0.18487814895118077,0.18218352168082586,35
1776098272.266538,16,0.1780666676619362,0.41641947812760954,39
1776098272.299784,16,0.19451103817028095,0.26026217382975375,36
1776098272.331485,16,0.21095540867862564,0.4684719128935674,40
1776098272.3989198,16,0.21095540867862564,0.5205243476595253,41
1776098272.434297,16,0.19451103817028095,0.5986029998084531,42
1776098272.464721,16,0.19451103817028095,0.6506554345743932,42
1776098272.4987981,16,0.17125518637269171,0.5465505650424953,40
1776098272.5357282,16,0.17806666766193624,0.5465505650424953,40
1776098272.564459,16,0.20132251945952553,0.5986029998084531,42
1776098272.599147,16,0.20132251945952553,0.5205243476595253,40
1776098272.633227,16,0.17806666766193624,0.7287340867233211,43
1776098272.664332,16,0.1780666676619362,0.7287340867233211,43
1776098272.69796,16,0.1780666676619362,1.2492584343828463,51
1776098272.731717,16,0.16162229715359153,1.2232322169998764,50
1776098272.765595,16,0.14517792664524679,1.3013108691488042,51
1776098272.797706,16,0.14517792664524679,1.45746817344666,54
1776098272.8327072,16,0.14517792664524679,1.2232322169998764,50
1776098272.8654552,16,0.14517792664524679,1.45746817344666,54
1776098272.900446,16,0.14517792664524679,1.3013108691488042,51
1776098272.9334168,16,0.12873355613690207,0.9109176084041647,45
1776098272.966681,16,0.11228918562855736,1.0150224779360626,47
1776098273.000879,16,0.11228918562855736,0.8328389562552369,44
1776098273.030037,16,0.12873355613690207,0.6506554345743932,41
1776098273.064139,16,0.14517792664524679,0.7287340867233211,43
1776098273.130471,16,0.16843377844283605,0.780786521489279,44
1776098273.165021,16,0.20132251945952548,0.780786521489279,44
1776098273.19899,16,0.1780666676619362,0.7547603041062911,44
1776098273.231159,16,0.154810815864347,0.5205243476595075,40
1776098273.265068,16,0.17125518637269171,0.6766816519573633,42
1776098273.297663,16,0.18769955688103643,0.7287340867233388,43
1776098273.331,16,0.19451103817028098,0.8328389562552369,45
1776098273.36479,16,0.20132251945952553,0.572576782425483,41
1776098273.398012,16,0.21776688996787022,0.5986029998084531,42
1776098273.43071,16,0.2177668899678702,0.7287340867233211,44
1776098273.464896,16,0.23421126047621488,0.7287340867233211,44
1776098273.499017,16,0.23421126047621488,0.6766816519573811,43
1776098273.5314429,16,0.23421126047621488,0.7027078693403511,44
1776098273.564595,16,0.23421126047621488,0.7287340867233211,44
1776098273.5985641,16,0.23421126047621488,0.6766816519573811,43
1776098273.631476,16,0.2671000014929043,0.7027078693403511,44
1776098273.664455,16,0.2506556309845596,0.9109176084041647,47
1776098273.697849,16,0.2506556309845596,0.7547603041063089,45
1776098273.731317,16,0.23421126047621488,0.6246292171914232,43
1776098273.765524,16,0.22739977918697038,0.6506554345743932,43
1776098273.797288,16,0.2312817684741325,0.6506554345743932,43
1776098273.8311942,16,0.29057278953469723,0.3643670433616694,39
1776098273.865843,16,0.3498638105952619,0.3123146085957116,40
1776098273.8996851,16,0.3498638105952619,0.4684719128935674,42
1776098273.9327528,16,0.3498638105952619,0.5986029998084353,44
1776098273.966986,16,0.3430523293060174,0.5205243476595075,43
1776098273.998986,16,0.35656720781227974,0.5986029998084353,44
1776098274.033222,16,0.35656720781227974,0.7547603041062911,46
1776098274.066874,16,0.37982305960986895,0.5986029998084353,44
1776098274.100245,16,0.40014941940537585,0.5205243476595075,43
1776098274.133354,16,0.42047577920088264,0.2342359564467837,39
1776098274.167274,16,0.4437316309984719,0.5725767824254653,45
1776098274.198849,16,0.4601760015068166,0.4684719128935674,44
1776098274.232621,16,0.4766203720151614,0.5205243476595253,45
1776098274.265316,16,0.4601760015068166,0.2862883912127415,41
1776098274.297002,16,0.4834318533044059,0.4424456955105973,44
1776098274.330046,16,0.4902433345936504,0.6506554345743932,47
1776098274.3639622,16,0.49024333459365044,0.6506554345743932,47
1776098274.396905,16,0.4737989640853057,0.3643670433616694,42
1776098274.459841,16,0.45347260428979885,0.6506554345743932,46
1776098274.49838,16,0.3941815832292341,0.6246292171914232,45
1776098274.530005,16,0.33489056216866936,0.806812738872249,47
1776098274.5638201,16,0.33489056216866936,0.6246292171914232,44
1776098274.596739,16,0.34170204345791394,0.7027078693403511,45
1776098274.631107,16,0.34170204345791394,0.41641947812760954,41
1776098274.663811,16,0.30493131315406236,0.1561573042978558,37
1776098274.697248,16,0.3252576729495692,0.1561573042978558,37
1776098274.730332,16,0.33877255145583157,0.3643670433616694,40
1776098274.76335,16,0.33489056216866936,0.5725767824254653,43
1776098274.7977102,16,0.36389731389819674,1.0410486953190328,51
1776098274.831159,16,0.3899745736256416,1.0670749127020205,51
1776098274.865964,16,0.4103009334211485,1.1191273474679606,53
1776098274.89646,16,0.3938565629128037,1.3013108691488042,55
1776098274.930978,16,0.3938565629128037,1.1451535648509483,53
1776098274.962782,16,0.3870450816235592,1.0931011300849907,52
1776098274.997028,16,0.4005599601298216,0.9889962605530926,50
1776098275.0304,16,0.43344870114651096,0.8588651736382069,49
1776098275.0642319,16,0.43344870114651096,0.7547603041063089,47
1776098275.097246,16,0.4848062071908636,0.7287340867233211,48
1776098275.1298702,16,0.5012505776992082,0.7287340867233211,48
1776098275.165607,16,0.5012505776992082,0.5725767824254653,46
1776098275.1972322,16,0.5176949482075529,0.5986029998084531,46
1776098275.232241,16,0.5108834669183084,0.5986029998084531,46
1776098275.2637,16,0.5176949482075529,0.4684719128935674,44
1776098275.297303,16,0.5176949482075529,0.3903932607446395,43
1776098275.3300622,16,0.4809242179037014,0.3123146085957116,42
1776098275.365227,16,0.4809242179037014,0.5465505650424953,45
1776098275.39776,16,0.448035476887012,0.5465505650424953,45
1776098275.4297411,16,0.39870236536197784,0.33834082597868165,41
1776098275.463691,16,0.3658136243452884,0.18218352168082586,38
1776098275.4975622,16,0.32904289404143683,0.2862883912127415,39
1776098275.53014,16,0.3454872645497815,0.13013108691488576,37
1776098275.5635579,16,0.3522987458390261,0.41641947812760954,41
1776098275.596274,16,0.3358543753306813,0.2862883912127415,39
1776098275.631788,16,0.33197238604351925,0.20820973906381365,38
1776098275.6635818,16,0.3155280155351745,0.0780786521489279,36
1776098275.69655,16,0.3155280155351745,0.05205243476595785,35
1776098275.730486,16,0.26417050949082194,0.1561573042978558,36
1776098275.7918248,16,0.24772613898247722,0.2342359564467837,37
1776098275.830604,16,0.26417050949082194,0.33834082597868165,39
1776098275.863082,16,0.2545376202717218,0.3903932607446395,39
1776098275.896462,16,0.2613491015609663,0.7027078693403511,44
1776098275.9295208,16,0.23809324976337706,0.6246292171914232,43
1776098276.001608,16,0.23809324976337704,0.6766816519573811,43
1776098276.0319118,16,0.2545376202717218,0.6246292171914232,43
1776098276.0633721,16,0.2177668899678702,0.6766816519573811,43
1776098276.096344,16,0.23421126047621493,0.806812738872249,45
1776098276.1296,16,0.23421126047621488,0.780786521489279,45
1776098276.163438,16,0.24102274176545946,0.806812738872249,45
1776098276.1956868,16,0.2642785935630487,0.8848913910211769,47
1776098276.229702,16,0.247834223054704,0.5986029998084531,42
1776098276.2639859,16,0.24783422305470398,0.5205243476595253,41
1776098276.296041,16,0.24783422305470398,0.7027078693403511,44
1776098276.330125,16,0.21494548203801453,0.6506554345743932,43
1776098276.363092,16,0.21494548203801453,0.7547603041063089,44
1776098276.397401,16,0.21494548203801453,0.9369438257871348,47
1776098276.429816,17,0.21494548203801453,1.2492584343828463,53
1776098276.46382,17,0.26694714753208476,0.5725767824254653,44
1776098276.497775,17,0.2737586288213293,0.5725767824254653,44
1776098276.529651,17,0.26694714753208476,0.20820973906381365,39
1776098276.5631402,17,0.2669471475320848,0.780786521489279,47
1776098276.5962481,17,0.2902029993296741,0.5725767824254653,44
1776098276.629956,17,0.31345885112726324,1.379389521297732,57
1776098276.662644,17,0.3202703324165078,1.3013108691488042,56
1776098276.696969,17,0.3202703324165078,1.1191273474679606,53
1776098276.731019,17,0.3202703324165078,1.0410486953190328,52
1776098276.7628071,17,0.3202703324165077,1.0670749127020205,52
1776098276.796304,17,0.3202703324165078,1.0410486953190328,52
1776098276.829611,16,0.329903221635608,0.9629700431701048,49
1776098276.8639622,16,0.329903221635608,0.9369438257871348,49
1776098276.895969,16,0.329903221635608,0.8328389562552369,47
1776098276.930357,16,0.3463475921439527,0.6506554345743932,45
1776098276.9643168,16,0.3627919626522974,0.4684719128935674,42
1776098276.995509,16,0.369603443941542,0.20820973906381365,38
1776098277.028407,16,0.3928592957391312,0.5725767824254653,44
1776098277.0615182,16,0.3764149252307865,1.0931011300849907,52
1776098277.1221309,16,0.340857630245061,1.0410486953190328,50
1776098277.163018,16,0.3176017784474717,0.8328389562552369,47
1776098277.196963,16,0.3176017784474717,1.1191273474679606,51
1776098277.230776,16,0.331116656953734,1.0150224779360626,50
1776098277.264415,16,0.331116656953734,0.7027078693403511,45
1776098277.29529,16,0.32430517566448946,0.9109176084041647,48
1776098277.329608,16,0.30104932386690025,0.7547603041063089,45
1776098277.363368,16,0.3010493238669002,0.806812738872249,46
1776098277.396517,16,0.3010493238669002,0.6246292171914232,44
1776098277.430325,16,0.3010493238669002,0.49449813027653744,42
1776098277.46256,16,0.29423784257765573,0.13013108691488576,36
1776098277.497097,16,0.2613491015609663,0.20820973906381365,37
1776098277.539356,16,0.277793472069311,0.5465505650424953,42
1776098277.5958421,16,0.277793472069311,0.8848913910211769,47
1776098277.630229,16,0.31068221308600047,0.05205243476595785,35
1776098277.663573,16,0.32712658359434515,0.18218352168082586,37
1776098277.696306,16,0.3038707317967559,0.4684719128935674,41
1776098277.729194,16,0.3038707317967559,0.5986029998084531,43
1776098277.7631428,16,0.3038707317967559,0.7027078693403511,45
1776098277.795875,16,0.30387073179675594,0.6506554345743932,44
1776098277.829342,16,0.3271265835943452,0.6246292171914232,44
1776098277.8636632,16,0.31068221308600047,0.7287340867233211,45
1776098277.89669,16,0.2739114827821489,0.6506554345743932,43
1776098277.929295,16,0.28742636128841126,0.6246292171914232,43
1776098277.962653,16,0.2709819907800665,0.3123146085957116,38
1776098277.996855,16,0.27098199078006646,0.26026217382975375,38
1776098278.029087,16,0.28742636128841115,0.0780786521489279,35
1776098278.0624268,16,0.30387073179675594,0.02602621738297005,35
1776098278.0961962,16,0.3241970915922628,0.02602621738297005,35
1776098278.12992,16,0.35975438657798825,0.49449813027653744,42
1776098278.162356,16,0.376198757086333,0.6506554345743932,45
1776098278.195979,16,0.3830102383755775,0.3123146085957116,40
1776098278.2296588,16,0.39652511688183983,0.18218352168082586,38
1776098278.262231,16,0.36363637586515046,0.1561573042978558,37
1776098278.2956328,16,0.330747634848461,0.1561573042978558,37
1776098278.3304079,16,0.35400348664605025,0.3643670433616694,40
1776098278.362881,16,0.35400348664605025,0.4684719128935674,42
1776098278.395755,16,0.370447857154395,0.26026217382975375,39
1776098278.429512,16,0.35400348664605025,0.33834082597868165,40
1776098278.48862,16,0.34719200535680567,0.26026217382975375,39
1776098278.528613,16,0.38008074637349515,0.2862883912127415,40
1776098278.562619,16,0.4033365981710844,0.18218352168082586,38
1776098278.597184,16,0.38301023837557757,0.33834082597868165,40
1776098278.6289,16,0.4062660901731667,0.33834082597868165,41
1776098278.6623309,16,0.42952194197075605,0.33834082597868165,41
1776098278.695505,15,0.41307757146241136,0.2862883912127415,38
1776098278.729575,15,0.39663320095406657,0.2862883912127415,38
1776098278.763175,15,0.3763068411585597,0.2862883912127415,38
1776098278.797138,15,0.3243051756644895,0.3123146085957116,37
1776098278.830127,15,0.3243051756644895,0.2342359564467837,36
1776098278.863219,15,0.317493694375245,0.05205243476595785,33
1776098278.8965418,15,0.3039788158689827,0.1561573042978558,35
1776098278.930067,15,0.3039788158689827,0.05205243476595785,33
1776098278.964129,15,0.3998651492441535,0.10410486953189795,35
1776098278.996727,15,0.42594240897159835,0.0780786521489279,35
1776098279.0309079,15,0.4520196686990433,0.10410486953189795,36
1776098279.064064,15,0.4520196686990432,0.2862883912127415,39
1776098279.09624,15,0.468464039207388,0.10410486953189795,36
1776098279.129693,15,0.4887903990028948,0.20820973906381365,38
1776098279.162853,15,0.47915750978379473,0.3123146085957116,40
1776098279.1971252,15,0.5024133615813839,0.6246292171914232,45
1776098279.229745,15,0.5353021025980734,0.9629700431701048,50
1776098279.26377,15,0.5585579543956627,1.1972059996168884,54
1776098279.297956,15,0.5353021025980733,1.0410486953190328,51
1776098279.3295329,15,0.5585579543956626,1.0670749127020205,52
1776098279.363102,15,0.5585579543956626,1.0150224779360626,51
1776098279.396181,15,0.5585579543956627,0.9369438257871348,50
1776098279.430099,15,0.5953286846995142,0.8328389562552369,49
1776098279.463012,15,0.5953286846995142,0.9369438257871348,51
1776098279.4968,15,0.5953286846995142,0.780786521489279,48
1776098279.531028,15,0.5885172034102697,0.9629700431701048,51
1776098279.5629098,15,0.5885172034102697,0.8588651736382069,49
1776098279.596287,15,0.5090752405434434,0.9369438257871348,49
1776098279.629421,15,0.47618649952675407,1.1191273474679606,52
1776098279.6636539,15,0.46362411830557143,0.806812738872249,47
1776098279.696289,15,0.44717974779722675,1.0931011300849907,51
1776098279.7299771,15,0.44717974779722675,0.9629700431701048,49
1776098279.791017,15,0.49425918360417465,0.5465505650424953,43
1776098279.8288178,15,0.4874477023149302,0.5465505650424953,43
1776098279.8626041,15,0.46419185051734085,0.8328389562552369,47
1776098279.894322,15,0.48462629438507443,0.6766816519573811,45
1776098279.9294689,15,0.4748853210937475,0.02602621738297005,35
1776098279.962555,15,0.5242184326187816,0.02602621738297005,36
1776098279.9960902,15,0.5338513218378819,0.26026217382975375,40
1776098280.029069,15,0.5406628031271263,0.2342359564467837,39
1776098280.061049,16,0.5406628031271263,0.7547603041063089,49
1776098280.094995,16,0.555893738317345,0.9889962605530926,53
1776098280.127195,16,0.5914510333030706,0.6506554345743932,48
1776098280.161705,16,0.5914510333030706,0.33834082597868165,44
1776098280.195491,16,0.6117773930985774,1.535546825595588,62
1776098280.22937,16,0.6117773930985774,0.5725767824254653,47
1776098280.2630022,15,0.6117773930985774,0.780786521489279,49
1776098280.295743,15,0.6321037528940842,0.4684719128935674,44
1776098280.328258,15,0.6321037528940842,0.8848913910211769,50
1776098280.362771,16,0.6688744831979356,0.8848913910211769,53
1776098280.395045,16,0.6688744831979359,0.05205243476595785,40
1776098280.428103,16,0.6217950473909878,0.2862883912127415,43
1776098280.463265,16,0.6421214071864948,1.2232322169998764,58
1776098280.496112,16,0.6421214071864946,0.8588651736382069,52
1776098280.529258,16,0.5887982223020718,0.5725767824254653,47
1776098280.5621681,16,0.5684718625065649,0.5725767824254653,47
1776098280.5937002,16,0.5191387509815307,0.7287340867233211,48
1776098280.6289668,16,0.4862500099648414,1.1972059996168884,55
1776098280.6625621,17,0.5095058617624306,0.0780786521489279,40
1776098280.6963542,17,0.5298322215579375,1.5095206082126,62
1776098280.729645,17,0.5107192970805566,1.379389521297732,60
1776098280.7619278,17,0.45871763158648643,1.0670749127020205,54
1776098280.7952719,17,0.4587176315864865,1.0670749127020205,54
1776098280.8290539,18,0.4684586048778134,0.0780786521489279,42
1776098280.8629298,18,0.4684586048778134,0.13013108691488576,42
1776098280.8954601,18,0.4752700861670579,1.5875992603615279,64
1776098280.9296908,18,0.47527008616705785,1.3013108691488042,60
1776098280.9625971,18,0.454943726371551,1.1711797822339185,58
1776098280.9954638,18,0.4414288478652887,1.3013108691488042,60
1776098281.0285308,18,0.44142884786528874,1.45746817344666,62
1776098281.0621738,19,0.45665978305550736,0.02602621738297005,43
1776098281.12274,19,0.46922216427668995,0.20820973906381365,45
1776098281.16208,19,0.5052573335396654,1.3013108691488042,62
1776098281.194842,19,0.5052573335396654,1.1451535648509483,60
1776098281.228868,19,0.5052573335396654,0.8328389562552369,55
1776098281.261489,19,0.5285131853372547,1.1972059996168884,61
1776098281.295444,19,0.5517690371348438,1.1972059996168884,62
1776098281.3268769,19,0.5381460745563549,1.3273370865317742,63
1776098281.3633761,19,0.5381460745563549,1.3273370865317742,63
1776098281.396209,19,0.5052573335396654,1.2232322169998764,61
1776098281.42869,19,0.5052573335396654,1.1972059996168884,61
1776098281.4622238,19,0.4888129630313207,1.1972059996168884,61
1776098281.495337,19,0.4587456299444869,1.2492584343828463,61
1776098281.5277529,19,0.4587456299444869,1.2752846517658163,61
1776098281.561579,19,0.4683785191635871,1.3013108691488042,62
1776098281.596478,19,0.4480521593680803,1.3273370865317742,62
1776098281.628681,19,0.4480521593680803,1.0931011300849907,58
1776098281.6616802,19,0.424796307570491,0.9889962605530926,56
1776098281.6955788,19,0.4316077888597356,1.0931011300849907,58
1776098281.728582,19,0.4316077888597356,0.780786521489279,53
1776098281.761837,19,0.40553052913229065,1.0150224779360626,57
1776098281.79489,19,0.3626838785800706,1.0931011300849907,57
1776098281.829712,19,0.3626838785800707,1.0410486953190328,56
1776098281.8623092,19,0.34623950807172593,1.3533633039147444,61
1776098281.894987,19,0.33942802678248146,1.0931011300849907,57
1776098281.9288871,19,0.3161721749848922,0.9889962605530926,55
1776098281.961571,19,0.29972780447654745,0.9889962605530926,55
1776098281.994956,19,0.29584581518938535,0.9629700431701048,54
1776098282.02846,19,0.35513683624995,0.8848913910211769,54
1776098282.062596,19,0.37158120675829476,0.7547603041063089,52
1776098282.0952241,19,0.38802557726663944,0.4684719128935674,48
1776098282.1275709,19,0.3948370585558841,0.5205243476595253,49
1776098282.160345,19,0.3783926880475393,0.3903932607446395,47
1776098282.1939452,18,0.3687597988284391,0.33834082597868165,44
1776098282.2279959,18,0.3523154283200944,0.4424456955105973,45
1776098282.261238,18,0.35231542832009444,0.49449813027653744,46
1776098282.296151,18,0.3523154283200944,0.4424456955105973,45
1776098282.329035,18,0.35231542832009444,0.41641947812760954,45
1776098282.361374,18,0.3003137628260242,0.5465505650424953,46
1776098282.395029,18,0.3003137628260242,0.26026217382975375,42
1776098282.454409,18,0.2838693923176794,0.13013108691488576,40
1776098282.4944088,18,0.29068087360692396,0.10410486953189795,39
1776098282.52751,18,0.3235696146236134,0.10410486953189795,40
1776098282.562478,18,0.3235696146236134,0.2342359564467837,42
1776098282.594456,18,0.3400139851319581,0.10410486953189795,40
1776098282.627798,18,0.3400139851319581,0.26026217382975375,42
1776098282.661372,18,0.3303810959128579,0.20820973906381365,41
1776098282.695219,18,0.27109007485229325,0.26026217382975375,41
1776098282.7278981,18,0.2546457043439485,0.20820973906381365,40
1776098282.7616498,18,0.26145718563319303,0.4684719128935674,44
1776098282.795521,18,0.2546457043439485,0.4684719128935674,44
1776098282.827693,18,0.2546457043439485,0.5465505650424953,45
1776098282.8612711,18,0.23138985254635927,0.5725767824254653,45
1776098282.8939881,18,0.24783422305470398,0.5986029998084531,46
1776098282.9285262,18,0.24783422305470398,0.8848913910211769,50
1776098282.960181,19,0.29716733457973815,1.2492584343828463,58
1776098282.99459,19,0.2739114827821489,1.1711797822339185,57
1776098283.029074,19,0.29035585329049357,1.0150224779360626,55
1776098283.061307,19,0.28354437200124905,1.1972059996168884,57
1776098283.094033,19,0.29998874250959373,0.5725767824254653,48
1776098283.127381,19,0.29317726122034926,0.1561573042978558,42
1776098283.161525,19,0.2767328907120045,0.1561573042978558,42
1776098283.194175,19,0.2767328907120045,0.05205243476595785,40
1776098283.228145,19,0.2767328907120045,0.3643670433616694,45
1776098283.2615712,19,0.26028852020365983,0.780786521489279,51
1776098283.293941,19,0.26028852020365983,1.0670749127020205,55
1776098283.327428,19,0.26028852020365983,1.1972059996168884,57
1776098283.360863,19,0.2767328907120045,0.9889962605530926,54
1776098283.39502,19,0.2767328907120045,0.7287340867233211,50
1776098283.4274838,19,0.2767328907120045,0.6246292171914232,49
1776098283.4608011,19,0.309621631728694,0.5986029998084531,49
1776098283.495552,19,0.3260660022370387,0.7547603041063089,51
1776098283.527595,19,0.309621631728694,0.49449813027653744,47
1776098283.560707,19,0.3260660022370387,0.5725767824254653,49
1776098283.593924,19,0.29317726122034926,0.5465505650424953,48
1776098283.627247,19,0.29317726122034926,0.6246292171914232,49
1776098283.6607559,19,0.2767328907120045,0.6766816519573811,50
1776098283.6946461,19,0.2767328907120045,0.41641947812760954,46
1776098283.7550359,19,0.26028852020365983,0.5205243476595253,47
1776098283.793928,19,0.26028852020365983,0.3903932607446395,45
1776098283.827245,19,0.24384414969531512,0.6506554345743932,49
1776098283.860242,19,0.22739977918697038,0.780786521489279,50
1776098283.8943439,19,0.21095540867862564,0.5986029998084531,47
1776098283.927809,19,0.22739977918697038,0.5986029998084531,48
1776098283.96125,19,0.22058829789772588,0.49449813027653744,46
1776098283.9940102,19,0.23703266840607057,0.5205243476595253,47
1776098284.02702,19,0.22058829789772588,0.5986029998084531,48
1776098284.060535,19,0.1973324461001366,0.806812738872249,50
1776098284.093311,19,0.1973324461001366,0.780786521489279,50
1776098284.127765,19,0.1808880755917919,0.6766816519573811,48
1776098284.1609118,19,0.1808880755917919,1.0150224779360626,53
1776098284.194619,19,0.21765880589564346,0.9109176084041647,52
1776098284.227556,19,0.2080259166765433,0.7027078693403511,49
1776098284.2601721,19,0.19158154616819856,0.6246292171914232,48
1776098284.293368,19,0.21483739796578782,0.6766816519573811,49
1776098284.3272471,19,0.2516081282696394,0.806812738872249,51
1776098284.3612092,19,0.3087052183689978,0.6506554345743932,50
1776098284.394082,19,0.36070688386306804,0.5725767824254653,49
1776098284.42784,19,0.454574704266278,0.4424456955105973,49
1776098284.460727,19,0.6061843092401582,0.3643670433616694,50
1776098284.4935591,19,0.814190971216439,0.26026217382975375,51
1776098284.527217,19,0.9701959676986497,0.5986029998084531,59
1776098284.560194,19,1.1982147396737346,0.33834082597868165,58
1776098284.594539,19,1.3961787287054788,0.5986029998084531,65
1776098284.6275241,19,1.5568456488711708,0.4684719128935674,66
1776098284.6609778,19,1.6754276909923003,0.20820973906381365,64
1776098284.693901,20,1.7807230383636083,0.41641947812760954,70
1776098284.726812,20,1.8320805444079609,0.1561573042978558,67
1776098284.760056,20,1.8320805444079609,0.5986029998084531,74
1776098284.7934248,20,1.815636173899616,0.5205243476595253,72
1776098284.8274848,20,1.7953098141041093,0.5725767824254653,73
1776098284.860897,20,1.8240556278005902,0.3903932607446395,70
1776098284.89426,20,1.883346648861155,0.41641947812760954,72
1776098284.927522,20,1.9278926736162634,0.33834082597868165,71
1776098284.959954,20,1.9733437958541347,0.18218352168082586,69
1776098284.993267,20,2.014912928804845,0.02602621738297005,68
1776098285.026585,20,2.095490016857569,0.26026217382975375,72
1776098285.0876899,20,2.169031477465272,0.33834082597868165,75
1776098285.127583,20,2.57677224647713,0.18218352168082586,79
1776098285.159858,20,2.6502478666693814,0.05205243476595785,78
1776098285.194155,20,2.7902415393373756,0.10410486953189795,81
1776098285.22661,20,2.889146933760362,0.26026217382975375,84
1776098285.260222,20,2.9424335315414103,0.18218352168082586,84
1776098285.293142,20,3.068541450815134,0.02602621738297005,84
1776098285.3276212,20,3.215116915787593,0.26026217382975375,89
1776098285.360817,20,3.4062766737191077,0.7027078693403511,99
1776098285.393278,20,3.56692729339535,0.3123146085957116,95
1776098285.427118,20,3.702092527860886,0.4684719128935674,100
1776098285.459875,20,3.8206745699820153,0.3903932607446395,100
1776098285.493251,20,3.8635212205342353,0.3643670433616694,101
1776098285.5263019,20,3.9000752003771835,0.6506554345743932,105
1776098285.561377,20,3.951096370228173,0.49449813027653744,104
1776098285.594142,20,4.052599650330747,0.6506554345744021,108
1776098285.626452,20,4.253297445638113,1.1972059996168973,119
1776098285.660765,20,4.79307758477129,1.1711797822339185,127
1776098285.693256,20,4.874275647832977,2.7067266078294976,151
1776098285.725299,20,5.052571690344548,1.4054157386807022,134
1776098285.760044,21,5.7943025713396015,0.6506554345743932,136
1776098285.7946088,21,6.929137940780974,1.0150224779360626,158
1776098285.827109,21,7.7682773850539295,1.9519663037231973,185
1776098285.8598652,21,7.721363953450336,2.134149825404023,187
1776098285.893652,21,7.784196752682185,1.7958089994253417,183
1776098285.926023,21,7.928312783742365,0.780786521489279,170
1776098285.959739,21,8.215940563355794,0.20820973906381365,165
1776098285.992882,21,8.299133232068016,0.41641947812760954,170
1776098286.0276139,21,8.203259489385871,0.780786521489279,174
1776098286.0607328,21,8.419357187450505,1.379389521297732,186
1776098286.0929961,22,9.174805426841065,0.7547603041063089,190
1776098286.126824,22,10.440995954968537,2.108123608021053,229
1776098286.159552,22,11.637733823397388,2.8628839121273444,258
1776098286.192866,22,12.186018158099817,2.108123608021053,255
1776098286.226157,22,12.07600402250511,1.8738876515742695,250
1776098286.261011,22,12.109398157036456,1.6396516951274858,247
1776098286.293678,22,12.080258398303322,0.8848913910211946,235
1776098286.3259,22,12.250379276623534,0.28628839121272376,229
1776098286.360129,22,12.153896518603764,0.7027078693403511,234
1776098286.418865,23,11.708080634387809,2.030044955872125,249
1776098286.461076,23,11.817194413810535,2.134149825404041,252
1776098286.49339,23,10.764278152929093,1.8478614341912818,232
1776098286.527738,23,10.895376680843237,1.5095206082126178,229
1776098286.559613,23,11.209543753659897,0.780786521489279,223
1776098286.592899,23,11.284818782958494,0.0,212
1776098286.626921,23,10.820589141588497,0.026026217382987802,205
1776098286.659681,23,10.875085206671455,0.4164194781276273,212
1776098286.692943,24,11.513289726912005,1.2492584343828463,236
1776098286.7268732,24,11.878971851323778,1.9779925211061853,253
1776098286.7618718,23,11.292130154250595,2.2903071297018966,247
1776098286.792939,23,10.032426087095939,1.8738876515742695,221
1776098286.8261719,23,9.323624453602392,1.2492584343828463,201
1776098286.860427,23,9.41392413215571,0.130131086914868,186
1776098286.892857,23,9.781236975719905,0.5465505650424953,198
1776098286.926223,23,9.670970565228238,0.6246292171914232,197
1776098286.9597828,23,9.887903331493641,1.275284651765834,210
1776098286.9950888,23,9.915443655233906,1.6396516951274858,216
1776098287.0258791,23,9.84983112074785,1.48349439082963,213
1776098287.0595741,22,9.88453897116814,1.1191273474679784,206
1776098287.093486,22,9.238074142052051,0.4944981302765552,187
1776098287.126025,22,9.223654166063024,0.6246292171914232,189
1776098287.1594439,23,9.67368160111951,1.4574681734466421,210
1776098287.193192,23,10.049068068905967,1.4574681734466421,215
1776098287.227575,23,9.855756061406419,1.8738876515742695,219
1776098287.259678,23,9.99975893404529,1.9779925211061853,222
1776098287.292816,23,10.292151130807504,1.0670749127020027,213
1776098287.326977,23,10.10415783265302,0.4424456955105796,201
1776098287.359566,23,9.463791812393087,0.28628839121272376,189
1776098287.3929238,23,9.392895152456902,1.0931011300849907,200
1776098287.426699,24,9.459696423970318,1.5095206082126178,209
1776098287.461111,24,9.02466436762254,1.5095206082126178,203
1776098287.492726,24,8.531053443996804,1.5875992603615456,196
1776098287.5260942,24,8.520462903324612,1.43144195606369,194
1776098287.560033,24,8.65342491419933,0.9109176084041469,188
1776098287.592702,24,8.154109710881885,1.1972059996169062,185
1776098287.626032,24,7.862388516573719,1.43144195606369,184
1776098287.659754,24,7.678778485557062,1.4574681734466421,182
1776098287.7208471,24,6.821694005388624,1.6656779125104737,172
1776098287.759302,24,6.312268669523574,0.780786521489279,151
1776098287.7923589,24,6.426100801935931,1.0931011300849907,157
1776098287.825272,24,5.68109848720928,1.3533633039147444,150
1776098287.86029,24,4.777296449041121,1.3533633039147444,137
1776098287.893307,24,4.507289207294694,1.4054157386807022,133
1776098287.9267452,24,4.344498244711569,1.4054157386807022,131
1776098287.9599419,24,3.7282743997629053,1.2492584343828463,119
1776098287.992728,24,3.2617636831179984,0.8328389562552369,106
1776098288.025291,24,3.25729592126466,1.1711797822339185,111
1776098288.058997,24,3.1295596420993554,1.379389521297732,112
1776098288.093303,24,3.048982554046631,1.379389521297732,111
1776098288.126399,24,2.923967100630431,1.2492584343828463,107
1776098288.1597838,24,2.6919376718864507,1.379389521297732,106
1776098288.1930912,24,2.3088130889505782,1.2492584343828463,98
1776098288.225754,24,2.0520255587288156,1.0410486953190328,91
1776098288.25933,24,1.741545762839089,0.9369438257871348,85
1776098288.292301,24,1.6953703990859985,0.780786521489279,82
1776098288.325361,24,1.8073606680109418,0.6506554345743932,82
1776098288.3595898,24,1.9421722592158512,0.9369438257871348,88
1776098288.393273,24,1.724240598138243,0.9889962605530926,85
1776098288.4261792,24,1.616148049780891,1.1191273474679606,86
1776098288.458925,24,1.520340026537948,1.0931011300849907,84
1776098288.492401,24,1.4926164128870203,0.9889962605530926,82
1776098288.5256472,24,1.5218810371634741,0.5986029998084531,76
1776098288.559544,24,1.5683927407586529,0.4424456955105973,75
1776098288.592999,24,1.625780882068697,0.41641947812760954,75
1776098288.626396,24,1.658411731388041,0.3903932607446395,75
1776098288.659701,24,1.6861353450389687,0.26026217382975375,74
1776098288.692269,24,1.6976069004644505,0.26026217382975375,74
1776098288.725759,24,1.6688610867679696,0.2342359564467837,73
1776098288.7588532,24,1.6688610867679696,0.1561573042978558,72
1776098288.793159,24,1.6823759652742316,0.3123146085957116,75
1776098288.826283,24,1.7172891008102393,0.26026217382975375,74
1776098288.86013,24,1.7309535816436865,0.05205243476595785,71
1776098288.89293,24,1.7658667171796942,0.8848913910211769,84
1776098288.925558,25,1.7882115899471618,0.7287340867233211,84
1776098288.958891,25,1.7333184111215767,0.7547603041063089,84
1776098288.9928699,25,1.661504412275149,0.6506554345743932,81
1776098289.052659,25,1.5466655376051202,1.1451535648509483,87
1776098289.094738,25,1.5224571885224512,1.2232322169998764,88
1776098289.12564,25,1.5224571885224512,1.0931011300849907,86
1776098289.1594481,25,1.4571573949830223,0.8848913910211769,82
1776098289.192184,25,1.3918576014435928,0.8588651736382069,80
1776098289.225444,25,1.2920227129639916,1.0150224779360626,81
1776098289.258962,25,1.1475782325399817,1.2492584343828463,83
1776098289.2934332,25,0.9986681242326918,1.0931011300849907,78
1776098289.326451,25,0.9152776062614351,0.9109176084041647,74
1776098289.358578,25,0.838506257296524,0.7027078693403511,70
1776098289.3928509,25,0.8672520709930049,0.8848913910211769,73
1776098289.425569,25,0.8672520709930049,0.9369438257871348,74
1776098289.458477,25,0.867252070993005,0.5465505650424953,68
1776098289.4921758,25,0.7994501944403076,0.13013108691488576,61
1776098289.525085,25,0.7035638610651369,0.33834082597868165,62
1776098289.558926,25,0.6522063550207844,0.6246292171914232,66
1776098289.590484,25,0.624121898198311,0.6766816519573811,66
1776098289.6248791,25,0.5999135491156418,0.780786521489279,67
1776098289.657446,25,0.5633182368010358,0.6246292171914232,64
1776098289.6906261,25,0.5498033582947734,0.780786521489279,67
1776098289.72494,25,0.5237260985673285,0.4424456955105973,61
1776098289.760114,25,0.5237260985673285,0.7287340867233211,65
1776098289.7928162,25,0.5372409770735908,0.3123146085957116,59
1776098289.8254342,25,0.5304294957843463,0.5205243476595253,62
1776098289.859854,25,0.5732761463365662,0.3643670433616694,61
1776098289.891816,25,0.6020219600330473,0.9369438257871348,70
1776098289.924711,25,0.7006881830831156,0.6766816519573811,67
1776098289.958527,25,0.7875162664272194,0.780786521489279,70
1776098289.9926589,25,0.8839772389904234,0.6766816519573811,70
1776098290.025815,25,0.9205312188333717,0.5465505650424953,69
1776098290.058593,25,0.9776283089327301,0.7547603041063089,73
1776098290.092563,25,0.9901906901539127,0.7027078693403511,72
1776098290.125163,25,0.9901906901539129,1.1451535648509483,79
1776098290.158418,25,1.0066350606622576,0.6506554345743932,71
1776098290.19185,25,1.0724125426956364,0.780786521489279,74
1776098290.2256541,25,1.2917992505814468,1.0931011300849907,82
1776098290.2596412,25,1.7401631014911831,1.5355468255955702,96
1776098290.291401,25,1.9110932675474444,1.9259400863402096,104
1776098290.352749,25,2.481886744044662,1.1972059996168884,102
1776098290.3932202,25,3.6841502936205863,0.7287340867233211,113
1776098290.425281,25,4.198940517874508,0.2342359564467837,113
1776098290.458973,26,5.276146936338407,1.7177303472764138,153
1776098290.493312,26,6.051768336889806,1.9779925211061853,169
1776098290.5249438,26,6.455554993851691,2.96698878165926,190
1776098290.557824,26,7.60444282165416,1.0670749127020205,179
1776098290.591829,26,8.40346452757431,0.7027078693403511,185
1776098290.624727,26,8.367597869324316,0.3123146085957116,179
1776098290.658499,27,9.201229154144123,1.3533633039147444,209
1776098290.6921332,27,9.98484546727769,1.48349439082963,222
1776098290.726676,27,9.995154172780786,1.613625477744498,224
1776098290.758124,27,10.62024076338584,0.8588651736382069,223
1776098290.791101,27,11.210637178775414,0.0780786521489279,220
1776098290.825529,27,11.267734268874772,0.13013108691488576,221
1776098290.858838,27,11.41807093430894,0.6506554345743932,231
1776098290.891799,27,11.247161608858379,1.0670749127020205,235
1776098290.9257832,27,10.831686498965334,0.9889962605530926,228
1776098290.96002,27,10.716575905406922,0.7287340867233211,222
1776098290.991203,27,10.155415318128803,0.806812738872249,215
1776098291.0245278,27,8.946340287263634,0.8328389562552369,197
1776098291.0589728,27,8.41803518450345,0.9109176084041647,190
1776098291.091855,27,7.327313887533289,1.0410486953190328,176
1776098291.12435,27,6.558503968271135,0.9369438257871348,163
1776098291.1585338,27,6.111870660757029,1.1451535648509483,159
1776098291.193238,27,4.934237019258079,0.9369438257871348,138
1776098291.224802,27,4.059804942085451,1.0931011300849907,128
1776098291.2584739,27,3.9992106277722406,0.8588651736382069,123
1776098291.2923489,27,3.0787512596083286,1.0410486953190328,112
1776098291.3248901,27,2.206579301137745,0.5465505650424953,92
1776098291.358023,27,2.13917350553529,0.8588651736382069,95
1776098291.3916101,27,1.4647538034052021,1.0410486953190328,88
1776098291.425718,27,0.8908017585239717,0.9629700431701048,78
1776098291.458294,27,0.8172602979162686,0.9889962605530926,77
1776098291.491677,27,0.6011461504487208,0.8328389562552369,72
1776098291.525473,27,0.5013112619691193,1.0931011300849907,74
1776098291.5582469,27,0.4558601397312473,0.9889962605530926,72
1776098291.591469,27,0.3640053979704234,1.1451535648509483,73
1776098291.6251662,27,0.331116656953734,0.9629700431701048,70
1776098291.686799,27,0.331116656953734,0.780786521489279,67
1776098291.7253802,27,0.34074954617283415,0.9629700431701048,70
1776098291.757653,27,0.3407495461728342,0.9889962605530926,70
1776098291.791536,27,0.3407495461728342,0.8588651736382069,68
1776098291.8248599,27,0.3243051756644895,0.8848913910211769,68
1776098291.858729,27,0.317493694375245,0.8328389562552369,68
1776098291.892302,27,0.31068221308600047,0.7287340867233211,66
1776098291.925795,27,0.28742636128841115,0.8328389562552369,67
1776098291.957607,27,0.27098199078006646,0.5986029998084531,63
1776098291.991264,27,0.27098199078006646,0.9889962605530926,69
1776098292.0244632,27,0.27098199078006646,1.0931011300849907,71
1776098292.0576582,27,0.27098199078006646,0.8328389562552369,67
1776098292.092004,27,0.277793472069311,0.6766816519573811,65
1776098292.1256802,27,0.29423784257765573,0.7027078693403511,65
1776098292.158742,27,0.277793472069311,0.5725767824254653,63
1776098292.191305,27,0.3133507670550365,0.8848913910211769,68
1776098292.224604,27,0.2765800367511849,0.6766816519573811,65
1776098292.2584782,27,0.2697685554619404,0.3903932607446395,60
1776098292.291636,27,0.2862129259702852,0.780786521489279,66
1776098292.325427,27,0.30653928576579204,0.7027078693403511,65
1776098292.358603,27,0.2900949152574473,0.7027078693403511,65
1776098292.391071,27,0.2900949152574473,0.6766816519573811,65
1776098292.423069,27,0.2900949152574473,0.806812738872249,67
1776098292.457064,27,0.3268656455612989,1.0150224779360626,70
1776098292.491779,27,0.34719200535680567,1.1451535648509483,73
1776098292.524874,27,0.3985495114011582,1.0670749127020205,72
1776098292.558794,27,0.49857671216365856,1.0410486953190328,73
1776098292.592059,27,0.5861356726434542,1.3533633039147444,79
1776098292.624934,27,0.8492456007769698,1.3013108691488042,83
1776098292.6576982,27,1.2452239444472772,1.3793895212977143,90
1776098292.690804,27,1.722394128587102,1.8738876515742695,104
1776098292.7256908,27,2.096874537429896,1.9259400863402096,111
1776098292.757677,27,2.1955407604799637,2.134149825404041,115
1776098292.791382,27,2.476542286905336,1.613625477744498,112
1776098292.825026,27,3.120081122038454,0.2602621738297715,101
1776098292.8581219,27,4.222957865708342,0.5725767824254653,122
1776098292.891385,27,5.139215228335711,1.8478614341912996,155
1776098292.924842,27,5.539109065331164,2.4724906513827225,171
1776098292.958231,27,5.686191986546571,2.7067266078295065,176
1776098293.018531,28,6.770046824425729,0.8588651736382069,167
1776098293.059229,28,9.690746670558012,2.5505693035316326,236
1776098293.090797,28,9.75134098487122,2.056071173255113,229
1776098293.125092,28,10.21470625837987,2.264280912318909,239
1776098293.1570802,28,11.087741782645368,0.572576782425483,227
1776098293.189703,28,11.89397018760436,1.3793895212977143,251
1776098293.2230349,28,12.157211004771968,1.1711797822339185,252
1776098293.257293,28,12.118985155817207,1.0670749127020205,250
1776098293.291616,28,12.204325191546019,0.5465505650424953,243
1776098293.323909,28,12.28523359261771,0.6246292171914232,246
1776098293.3583539,28,12.171331426407994,0.7027078693403511,245
1776098293.389719,28,12.004402904630275,0.8848913910211946,246
1776098293.424343,28,12.004402904630275,1.0931011300849907,249
1776098293.4570508,28,11.760172108508755,1.3013108691487865,248
1776098293.4920058,28,11.21263094245667,1.3533633039147621,241
1776098293.5251572,28,10.44515486322998,0.650655434574411,219
1776098293.557576,28,9.94032288434016,0.130131086914868,203
1776098293.591383,28,9.918992011523795,0.1041048695319157,203
1776098293.624013,28,9.965946098867201,0.41641947812760954,208
1776098293.657438,28,8.947868743021422,0.5725767824254653,195
1776098293.690773,28,6.0924686904285705,0.3123146085957116,148
1776098293.725791,28,6.196113195666166,0.6246292171914232,155
1776098293.758431,28,5.915372458922027,0.1561573042978558,143
1776098293.790947,28,5.121845463340621,0.0,129
1776098293.824865,28,4.299816847323004,0.28628839121272376,121
1776098293.857445,28,3.952993199901239,0.4164194781276273,118
1776098293.890771,28,3.955017594420557,0.0520524347659401,112
1776098293.924093,28,3.721678224116643,0.3123146085957116,113
1776098293.9589992,28,3.4427554684063906,0.41641947812760954,110
1776098293.991621,28,3.1781536735263494,0.2862883912127415,104
1776098294.024895,28,2.9706017864612733,0.05205243476595785,98
1776098294.058082,28,3.037125201867915,0.10410486953189795,99
1776098294.0906081,28,3.214131288172544,0.13013108691488576,102
1776098294.122612,28,3.3297552674447557,1.4574681734466421,124
1776098294.157998,28,3.1714658936755953,1.9259400863402096,129
1776098294.1923661,28,2.7668519912272918,1.613625477744498,118
1776098294.22508,28,2.564321078560723,1.8218352168083294,118
1776098294.257589,28,2.8607599673926853,1.2232322169998764,113
1776098294.318366,28,3.338613192713057,1.1191273474679606,119
1776098294.35819,28,4.088559208484033,0.3123146085957116,118
1776098294.390823,28,3.989620182472655,0.3643670433616694,118
1776098294.42448,28,3.9865168399066175,1.0150224779360626,127
1776098294.45892,28,4.183113067897899,0.8328389562552369,127
1776098294.4906251,28,4.391119729874181,1.0410486953190328,134
1776098294.5238872,28,4.50725411291263,1.1711797822339185,137
1776098294.559249,28,4.4762229666637845,0.8588651736382069,132
1776098294.589391,28,4.430879928498139,0.8848913910211769,132
1776098294.621577,28,4.356972332170738,0.8848913910211769,131
1776098294.6563761,28,4.393909862226063,0.9629700431701048,133
1776098294.692112,28,4.53509771551192,0.49449813027653744,128
1776098294.7237482,28,4.509468703029078,0.49449813027653744,127
1776098294.7573152,28,4.495746287945597,0.2342359564467837,123
1776098294.791092,28,4.432177375623284,0.0780786521489279,120
1776098294.823942,28,4.387644838496041,0.5205243476595253,126
1776098294.855911,28,4.513299095005742,0.41641947812760954,126
1776098294.8904388,29,4.461323436197564,0.20820973906381365,124
1776098294.924648,29,4.01629866104466,0.4424456955105973,121
1776098294.9568481,29,3.525991138575333,0.20820973906381365,110
1776098294.9896178,29,2.7242602077711906,0.13013108691488576,97
1776098295.0225348,29,2.6685933034508618,0.3903932607446395,100
1776098295.057406,29,2.485190119965227,0.3643670433616517,97
1776098295.0897448,29,2.1887590034943423,0.3123146085957116,92
1776098295.123283,29,1.9616394170406803,0.4944981302765552,91
1776098295.157673,29,1.8810623289879564,0.5205243476595075,90
1776098295.1893172,29,1.9768703522308992,0.4164194781276273,90
1776098295.22228,29,2.011106127826272,0.2602621738297715,88
1776098295.256962,29,2.002160328680343,0.0520524347659401,85
1776098295.29013,29,2.002160328680343,0.1821835216808436,87
1776098295.325216,29,2.0514934402053773,0.1821835216808436,88
1776098295.35684,29,2.111780368225491,0.2082097390637959,89
1776098295.390914,29,2.0597253012755927,0.0780786521489279,86
1776098295.4231,29,2.0076702343256945,0.20820973906381365,87
1776098295.457205,29,2.058945132298158,0.20820973906381365,88
1776098295.4902039,29,2.058945132298158,0.6766816519573811,95
1776098295.5233831,29,2.058945132298158,0.5465505650424953,93
1776098295.557344,29,2.1642179511048307,1.0410486953190328,102
1776098295.5902169,29,2.1783005618228626,0.8848913910211769,100
1776098295.652593,29,2.20730731355239,0.780786521489279,99
1776098295.6895921,29,2.211189302839552,1.561573042978558,111
1776098295.722601,29,2.260522414364587,1.3273370865317742,108
1776098295.756657,29,2.3176195044639445,1.3273370865317742,109
1776098295.78974,29,2.433640871754545,1.0150224779360626,106
1776098295.8235898,29,2.4856425372486153,0.6766816519573811,102
1776098295.856575,29,2.478300378362135,0.4424456955105973,98
1776098295.8896708,29,2.5068758009207883,0.1821835216808436,94
1776098295.922063,29,2.5304567179583026,0.026026217382987802,92
1776098295.956222,29,2.487876372043265,0.3643670433616517,97
1776098295.9884028,29,2.36712296262514,0.1561573042978558,92
1776098296.056056,29,2.348847480887752,0.2602621738297715,93
1776098296.088353,29,2.247359849907828,0.0520524347659401,89
1776098296.122132,29,2.1513621808267964,0.1561573042978558,89
1776098296.155534,29,2.019510194801608,0.4944981302765552,92
1776098296.190239,29,1.8938559382919078,0.0520524347659401,83
1776098296.22211,29,1.769799545587566,0.0520524347659401,81
1776098296.257716,29,1.5987492447475142,0.3123146085957116,83
1776098296.289671,29,1.5516698089405663,0.3383408259786994,82
1776098296.3239338,29,1.5226630572110391,0.130131086914868,79
1776098296.356141,29,1.5845585499572554,0.4164194781276273,84
1776098296.3907468,29,1.5908923427525505,0.4164194781276273,84
1776098296.420609,29,1.6336301411327936,0.0520524347659401,79
1776098296.455145,29,1.5732756781625221,0.2082097390637959,81
1776098296.489913,29,1.585551606162328,0.2602621738297715,82
1776098296.523937,29,1.5800318358628083,0.5465505650424953,86
1776098296.55548,29,1.5067441033765783,0.6766816519573633,87
1776098296.588802,29,1.4194100988250036,0.2342359564467837,79
1776098296.6237109,29,1.363157421938498,0.1561573042978558,77
1776098296.656097,29,1.3294250358087059,0.3123146085957116,79
1776098296.689187,29,1.1834102585378403,0.1561573042978558,74
1776098296.722881,29,1.2026760369760408,0.2602621738297715,76
1776098296.755834,29,1.2242158320896739,0.1821835216808436,75
1776098296.789458,29,1.2974507612559165,0.20820973906381365,77
1776098296.822036,29,1.362750554795346,0.49449813027653744,82
1776098296.8560908,29,1.4625854432749477,0.130131086914868,78
1776098296.887569,29,1.5950511810738928,0.3903932607446395,84
1776098296.921942,29,1.6745597097579872,0.572576782425483,88
1776098296.9551659,29,1.743084326825444,0.572576782425483,89
1776098297.014988,29,1.7696546984356891,0.4684719128935674,88
1776098297.0561888,29,1.8281819743140766,0.1821835216808436,84
1776098297.087494,29,1.7797045918788275,0.5205243476595075,89
1776098297.123042,29,1.7646904071495122,0.0,81
1776098297.155735,29,1.6977442596866,0.0780786521489279,81
1776098297.189016,29,1.6373184563863716,0.1561573042978558,81
1776098297.223592,29,1.6147981656296586,0.5465505650424953,87
1776098297.257071,29,1.5989979545710316,0.1561573042978558,80
1776098297.289236,29,1.5989979545710313,0.5205243476595075,86
1776098297.323255,29,1.5725956745271563,0.6246292171914232,87
1776098297.357674,29,1.5370383795414306,0.5986029998084353,86
1776098297.389951,29,1.487705268016397,0.4684719128935674,83
1776098297.423109,29,1.4470525484253827,0.1041048695319157,77
1776098297.457674,29,1.354704694781759,0.2602621738297715,78
1776098297.4897861,29,1.2825934199530853,0.8328389562552191,86
1776098297.522878,29,1.189570012762728,0.6246292171914232,81
1776098297.5564742,29,1.0774306347592897,0.4684719128935674,77
1776098297.5904179,29,0.9979221060751949,0.3123146085957116,74
1776098297.623244,29,0.8926267587038869,0.7547603041062911,79
1776098297.656555,29,0.8041608943474251,0.3383408259786994,71
1776098297.6909509,29,0.7090796386260891,0.4424456955105796,71
1776098297.724106,29,0.6932794275674621,1.2492584343828463,83
1776098297.7565382,29,0.71562430033493,1.2492584343828463,84
1776098297.789091,29,0.7398326494175989,0.9369438257871348,79
1776098297.823646,29,0.7805688291195346,1.0410486953190505,81
1776098297.854805,29,0.8478014298038233,0.8588651736382069,80
1776098297.8867059,29,0.9155165886705463,0.9109176084041647,81
1776098297.923139,29,0.9445233404000737,1.0670749127020205,84
1776098297.956919,29,0.9794364759360816,0.6766816519573811,79
1776098297.989652,29,1.0287695874611158,0.2862883912127415,74
1776098298.0222468,29,1.0452139579694604,0.2862883912127415,74
1776098298.057397,29,1.0490959472566226,0.05205243476595785,71
1776098298.089204,29,1.0394630580375224,0.05205243476595785,70
1776098298.123013,29,1.0823097085897426,0.13013108691488576,72
1776098298.157654,29,1.1083869683171872,0.20820973906381365,74
1776098298.19068,29,1.1209493495383698,0.05205243476595785,72
1776098298.222816,29,1.1170673602512078,0.4684719128935674,78
1776098298.2564301,29,1.1868349156439755,0.8848913910211769,85
1776098298.316423,29,1.1829529263568135,0.8588651736382069,85
1776098298.356534,29,1.2148014269735425,0.9889962605530926,87
1776098298.390429,29,1.1995704917833239,0.8848913910211769,85
1776098298.421184,29,1.1201285289164977,0.806812738872249,83
1776098298.4550421,29,1.0630314388171394,0.780786521489279,82
1776098298.487506,29,0.9794486085629838,0.9109176084041647,82
1776098298.520162,29,0.9122160078786947,0.9889962605530926,83
1776098298.554115,29,0.8157550353154907,0.9889962605530926,81
1776098298.5873978,29,0.8019792187761821,0.9629700431701048,81
1776098298.6219,29,0.7709480725273363,1.0410486953190328,81
1776098298.654986,29,0.7216149610023022,0.9369438257871348,79
1776098298.6894898,29,0.7051705904939575,1.0931011300849907,81
1776098298.7200189,29,0.6916557119876952,0.780786521489279,76
1776098298.753641,29,0.7177329717151402,0.5205243476595253,73
1776098298.788448,29,0.695212680958427,0.6246292171914232,74
1776098298.8218172,29,0.7136814459860902,0.10410486953189795,66
1776098298.856009,29,0.730125816494435,0.3643670433616694,71
1776098298.889604,29,0.7810872415885448,0.8588651736382069,79
1776098298.921973,29,0.8113468869582775,0.5465505650424953,74
1776098298.95391,29,0.8623083120523874,0.4164194781276273,73
1776098298.9870842,29,0.8377491670021527,0.4164194781276273,73
1776098299.021245,29,0.8687803132509985,0.5986029998084353,76
1776098299.053385,29,0.8891066730465053,0.4164194781276273,74
1776098299.0872462,29,0.8891066730465053,0.5205243476595075,75
1776098299.1208,29,0.90555104355485,0.5986029998084353,77
1776098299.154172,29,0.9207819787450687,0.7027078693403511,78
1776098299.1864378,29,0.9342968572513309,1.0931011300849907,85
1776098299.220014,29,0.8987395622656055,0.7027078693403511,78
1776098299.255947,29,0.8619688319617538,0.3643670433616517,72
1776098299.2888708,29,0.8687803132509985,0.572576782425483,76
1776098299.321097,29,0.8852246837593429,0.5986029998084353,76
1776098299.3564641,29,0.8948575729784431,0.7547603041062911,79
1776098299.389627,29,0.8784132024700987,0.8848913910211946,81
1776098299.419818,29,0.8580868426745917,0.8328389562552191,79
1776098299.4531388,29,0.8270556964257461,0.7027078693403511,77
1776098299.48814,29,0.8132798798864374,0.6766816519573633,76
1776098299.522708,29,0.7662004440794897,0.780786521489279,77
1776098299.555629,29,0.7029439736208407,0.8328389562552191,77
1776098299.5902941,29,0.6423496593076304,0.6246292171914232,73
1776098299.652041,29,0.5995030087554105,0.6766816519573633,73
1776098299.689302,29,0.5684718625065649,0.4164194781276273,69
1776098299.7228491,29,0.5481455027110581,0.4684719128935674,69
1776098299.7566028,29,0.5481455027110581,0.4164194781276273,69
1776098299.7881029,29,0.5617684652895472,0.4164194781276273,69
1776098299.8230798,28,0.5617684652895472,0.6766816519573633,71
1776098299.855525,28,0.5617684652895472,0.4944981302765552,68
1776098299.889985,28,0.5918357983763809,0.8328389562552191,74
1776098299.9222348,28,0.61509165017397,0.8588651736382069,74
1776098299.955627,28,0.6286065286802326,0.6766816519573633,72
1776098299.988013,28,0.6189736394611323,0.6766816519573633,72
1776098300.021891,28,0.6025292689527876,0.5205243476595075,69
1776098300.056463,28,0.6064112582399497,0.4424456955105796,68
1776098300.0883882,28,0.6064112582399497,0.28628839121272376,66
1776098300.1232169,28,0.6064112582399497,0.4424456955105796,68
1776098300.155744,28,0.6064112582399498,0.4164194781276273,68
1776098300.18868,28,0.6064112582399497,0.5986029998084353,70
1776098300.220288,28,0.6289315489966628,0.8328389562552191,74
1776098300.253479,28,0.6424464275029252,0.6766816519573633,72
1776098300.287018,28,0.6780037224886508,0.7027078693403511,73
1776098300.319829,28,0.6741217332014885,0.5986029998084353,71
1776098300.354024,28,0.6741217332014886,0.5465505650424953,71
1776098300.388284,28,0.7041890662883223,0.9109176084041469,76
1776098300.4193652,28,0.6809332144907331,0.780786521489279,74
1776098300.4552782,28,0.652187400794252,0.780786521489279,74
1776098300.488193,28,0.6521874007942519,0.780786521489279,74
1776098300.520724,28,0.6056756971990735,0.4684719128935674,68
1776098300.5555,28,0.6056756971990735,0.4684719128935674,68
1776098300.58918,28,0.6346824489286009,0.5465505650424953,70
1776098300.620806,28,0.6114265971310117,0.4684719128935674,68
1776098300.655736,28,0.6317529569265186,0.4424456955105796,68
1776098300.689533,28,0.6182380784202562,0.5205243476595075,69
1776098300.722729,28,0.6250495597095007,0.4164194781276273,68
1776098300.7564669,28,0.6047231999139938,0.4164194781276273,68
1776098300.7888489,28,0.5691659049282684,0.3643670433616517,66
1776098300.822757,28,0.555651026422006,0.1561573042978558,63
1776098300.855485,28,0.512804375869786,0.3643670433616517,65
1776098300.886716,28,0.5128043758697861,0.5205243476595075,68
1776098300.949429,28,0.47724708088406054,0.5986029998084353,68
1776098300.990031,28,0.4676141916649604,0.4944981302765552,67
1776098301.022151,28,0.4879405514604672,0.4944981302765552,67
1776098301.054507,28,0.4578732183736335,0.4424456955105796,66
1776098301.0880241,28,0.4713880968798958,0.5465505650424953,67
1776098301.1216671,28,0.4645766155906513,0.4684719128935674,66
1776098301.155125,28,0.45106173708438885,0.6246292171914232,68
1776098301.1894631,28,0.47431758888197817,0.4684719128935674,66
1776098301.222448,28,0.47431758888197817,0.5986029998084353,68
1776098301.255083,28,0.4317959586461886,0.3123146085957116,63
1776098301.288298,28,0.4482403291545332,0.28628839121272376,63
1776098301.3222458,28,0.4279139693590264,0.130131086914868,61
1776098301.355062,28,0.4211024880697819,0.2342359564467837,62
1776098301.388261,28,0.4307353772888821,0.4164194781276273,65
1776098301.422764,28,0.4142910067805373,0.4944981302765552,66
1776098301.456214,28,0.4211024880697819,0.3643670433616517,64
1776098301.488977,28,0.4142910067805373,0.3383408259786994,64
1776098301.522047,28,0.4142910067805373,0.1821835216808436,61
1776098301.5558121,28,0.40077612827427506,0.2342359564467837,62
1776098301.588501,28,0.400776128274275,0.130131086914868,60
1776098301.621931,28,0.39396464698503053,0.1561573042978558,60
1776098301.6562402,28,0.3736382871895237,0.10410486953189795,59
1776098301.6894422,28,0.39396464698503053,0.20820973906381365,61
1776098301.722205,28,0.37363828718952363,0.2862883912127415,62
1776098301.755523,28,0.35719391668117895,0.2342359564467837,61
1776098301.7894158,28,0.3339380648835897,0.2082097390637959,60
1776098301.822195,28,0.31068221308600047,0.1041048695319157,58
1776098301.855467,28,0.28742636128841126,0.0,57
1776098301.8888268,28,0.2806148799991667,0.02602621738297005,57
1776098301.919452,28,0.2806148799991666,0.1561573042978558,59
1776098301.953093,28,0.264170509490822,0.20820973906381365,59
1776098301.9865868,28,0.2709819907800665,0.3643670433616694,62
1776098302.02073,28,0.2545376202717218,0.26026217382975375,60
1776098302.053216,28,0.2709819907800665,0.18218352168082586,59
1776098302.087085,28,0.24772613898247728,0.10410486953189795,57
1776098302.1227462,28,0.2680524987779841,0.18218352168082586,59
1776098302.1548438,28,0.2680524987779841,0.3123146085957116,61
1776098302.187876,28,0.26124101748873957,0.3643670433616694,62
1776098302.2195158,28,0.26124101748873957,0.3123146085957116,61
1776098302.282395,28,0.2680524987779841,0.33834082597868165,61
1776098302.3219461,28,0.2516081282696394,0.20820973906381365,59
1776098302.355833,28,0.23128176847413254,0.18218352168082586,58
1776098302.3900192,28,0.2312817684741325,0.20820973906381365,59
1776098302.4218318,28,0.24772613898247722,0.20820973906381365,59
1776098302.454145,28,0.26417050949082194,0.2862883912127415,60
1776098302.488671,28,0.26417050949082194,0.18218352168082586,59
1776098302.5197608,28,0.28742636128841115,0.18218352168082586,59
1776098302.552895,28,0.29423784257765573,0.20820973906381365,60
1776098302.586498,28,0.30104932386690025,0.2342359564467837,60
1776098302.623132,28,0.317493694375245,0.18218352168082586,60
1776098302.65507,28,0.31068221308600047,0.18218352168082586,60
1776098302.6855948,28,0.31068221308600047,0.26026217382975375,61
1776098302.721529,28,0.31068221308600047,0.18218352168082586,60
1776098302.7556422,28,0.32712658359434515,0.18218352168082586,60
1776098302.788409,28,0.29035585329049357,0.13013108691488576,59
1776098302.8219461,28,0.2739114827821489,0.02602621738297005,57
1776098302.8557599,28,0.2739114827821489,0.02602621738297005,57
1776098302.887746,28,0.2739114827821489,0.02602621738297005,57
1776098302.920508,28,0.2671000014929043,0.0780786521489279,57
1776098302.9549382,28,0.2671000014929043,0.05205243476595785,57
1776098302.987896,28,0.2506556309845597,0.18218352168082586,59
1776098303.021405,28,0.2506556309845596,0.05205243476595785,57
1776098303.0543091,28,0.23421126047621488,0.18218352168082586,58
1776098303.089679,28,0.2177668899678702,0.10410486953189795,57
1776098303.1218638,28,0.23421126047621493,1.0410486953190328,71
1776098303.154994,28,0.22739977918697038,0.9629700431701048,70
1776098303.1879091,28,0.22058829789772588,1.2492584343828463,74
1776098303.2221272,28,0.1973324461001366,1.0931011300849907,72
1776098303.2523708,28,0.1973324461001366,1.1972059996168884,73
1776098303.286149,28,0.1808880755917919,1.2752846517658163,74
1776098303.319979,28,0.18769955688103643,1.1451535648509483,72
1776098303.351445,28,0.19451103817028098,1.3533633039147444,75
1776098303.3857331,28,0.17806666766193624,1.0670749127020205,71
1776098303.4208279,28,0.2109554086786257,0.6506554345743932,65
1776098303.454284,28,0.23421126047621493,1.0150224779360626,71
1776098303.4858859,28,0.2671000014929043,1.0670749127020205,72
1776098303.520721,28,0.2671000014929043,0.9889962605530926,71
1776098303.554235,28,0.3099466520451243,1.3273370865317742,77
1776098303.612499,28,0.38348811265282745,1.3533633039147444,78
1776098303.655125,28,0.472043757989846,1.3013108691488042,79
1776098303.687243,28,0.5076010529755715,1.1191273474679606,77
1776098303.721923,28,0.5443717832794229,0.8848913910211769,74
1776098303.7544498,28,0.5676276350770122,0.806812738872249,73
1776098303.7885718,28,0.5879539948725191,1.0410486953190328,77
1776098303.820777,28,0.5947654761617636,0.780786521489279,73
1776098303.853929,28,0.6112098466701082,0.7547603041063089,73
1776098303.886911,28,0.6112098466701082,0.13013108691488576,63
1776098303.920772,28,0.631536206465615,0.05205243476595785,62
1776098303.9543512,28,0.6547920582632045,0.0780786521489279,63
1776098303.988101,28,0.6644249474823045,0.05205243476595785,63
1776098304.021601,28,0.6876807992798939,0.0,63
1776098304.054684,28,0.7244515295837455,0.02602621738297005,63
1776098304.0878751,28,0.7148186403646453,0.0780786521489279,64
1776098304.121191,28,0.7244515295837455,0.05205243476595785,64
1776098304.1543858,28,0.6983742698563005,0.05205243476595785,63
1776098304.188124,28,0.6819298993479558,0.10410486953189795,64
1776098304.221714,28,0.6226388782873911,0.0780786521489279,63
1776098304.254949,28,0.549097417679688,0.02602621738297005,61
1776098304.287168,28,0.46054177234266946,0.13013108691488576,61
1776098304.321304,28,0.4317959586461886,0.02602621738297005,59
1776098304.353892,27,0.41146959885068163,0.02602621738297005,57
1776098304.387163,27,0.4046581175614371,0.05205243476595785,57
1776098304.421525,27,0.3678873872575856,0.02602621738297005,56
1776098304.454449,27,0.36107590596834105,0.1561573042978558,58
1776098304.488319,27,0.34463153545999625,0.18218352168082586,58
1776098304.520694,27,0.36107590596834105,0.0,56
1776098304.555098,27,0.3243051756644895,0.02602621738297005,56
1776098304.584484,27,0.30104932386690025,0.13013108691488576,57
1776098304.6213062,27,0.2681605828502108,0.02602621738297005,55
1776098304.65369,27,0.238093249763377,0.41641947812760954,60
1776098304.6876311,27,0.20132251945952545,0.33834082597868165,58
1776098304.718251,27,0.21095540867862564,0.33834082597868165,59
1776098304.75105,27,0.20132251945952548,0.10410486953189795,55
1776098304.785035,27,0.20132251945952553,0.33834082597868165,58
1776098304.818781,27,0.22457837125711477,0.33834082597868165,59
1776098304.853431,27,0.24102274176545946,0.2342359564467837,57
1776098304.914464,27,0.2642785935630487,0.49449813027653744,62
1776098304.954977,27,0.2807229640713934,0.33834082597868165,60
1776098304.987117,27,0.2807229640713934,0.41641947812760954,61
1776098305.02037,27,0.2807229640713934,0.4424456955105973,61
1776098305.054415,27,0.2807229640713934,0.3123146085957116,59
1776098305.0847092,27,0.29716733457973815,0.5205243476595253,63
1776098305.117366,27,0.2807229640713934,0.2862883912127415,59
1776098305.1519911,27,0.2807229640713934,0.18218352168082586,57
1776098305.184782,27,0.2642785935630487,0.02602621738297005,55
1776098305.217998,27,0.2807229640713934,0.13013108691488576,56
1776098305.2503738,27,0.2807229640713934,0.26026217382975375,58
1776098305.284817,27,0.29716733457973815,0.13013108691488576,57
1776098305.317303,27,0.29716733457973815,0.41641947812760954,61
1776098305.351094,27,0.3136117050880829,0.5205243476595253,63
1776098305.38539,27,0.2807229640713934,0.2862883912127415,59
1776098305.418255,27,0.2739114827821489,0.3123146085957116,59
1776098305.4506109,27,0.2506556309845596,0.18218352168082586,57
1776098305.484498,27,0.24384414969531512,0.20820973906381365,57
1776098305.520464,27,0.22739977918697038,0.20820973906381365,57
1776098305.553128,27,0.2273997791869704,0.10410486953189795,55
1776098305.586831,27,0.2109554086786257,0.9109176084041647,67
1776098305.621711,26,0.18769955688103643,0.9109176084041647,65
1776098305.654369,26,0.19451103817028098,0.8848913910211769,65
1776098305.686507,26,0.17806666766193624,0.806812738872249,63
1776098305.717508,26,0.17806666766193624,0.9109176084041647,65
1776098305.7519739,26,0.19451103817028095,0.8588651736382069,64
1776098305.7837892,26,0.21095540867862564,0.8848913910211769,65
1776098305.817603,26,0.21095540867862564,1.0410486953190328,67
1776098305.8548741,26,0.21095540867862564,0.8848913910211769,65
1776098305.8873842,26,0.22739977918697038,0.780786521489279,64
1776098305.920265,26,0.22739977918697038,0.8328389562552369,64
1776098305.9534059,26,0.21095540867862564,0.9629700431701048,66
1776098305.987772,26,0.19451103817028095,1.1711797822339185,69
1776098306.0199308,26,0.19451103817028095,1.1191273474679606,68
1776098306.053688,26,0.1780666676619362,1.3273370865317742,71
1776098306.087733,26,0.19451103817028095,1.379389521297732,72
1776098306.1205308,26,0.19451103817028095,1.535546825595588,74
1776098306.153053,26,0.19451103817028095,1.4314419560636722,73
1776098306.1838999,26,0.18769955688103643,1.45746817344666,73
1776098306.247075,26,0.20414392738938114,1.5095206082126,74
1776098306.28669,26,0.22058829789772588,1.3533633039147444,72
1776098306.320271,26,0.23410317640398817,1.2492584343828463,71
1776098306.355105,26,0.23410317640398817,1.379389521297732,73
1776098306.386771,26,0.23410317640398817,1.3273370865317742,72
1776098306.4200928,26,0.21765880589564346,1.3273370865317742,72
1776098306.45328,26,0.184770064878954,1.2752846517658163,70
1776098306.484492,26,0.184770064878954,1.2752846517658163,70
1776098306.5178711,26,0.16832569437060932,1.1451535648509483,68
1776098306.551571,26,0.16832569437060932,1.1972059996168884,69
1776098306.5853708,26,0.17513717565985387,1.1711797822339185,69
1776098306.61714,26,0.1983930274574431,1.0670749127020205,67
1776098306.65318,26,0.21483739796578782,1.2232322169998764,70
1776098306.6833558,26,0.23128176847413254,1.379389521297732,73
1776098306.7187252,26,0.24772613898247722,1.3013108691488042,72
1776098306.7508302,26,0.24772613898247722,1.3013108691488042,72
1776098306.7848918,26,0.24772613898247722,1.1451535648509483,69
1776098306.8189042,26,0.24772613898247722,1.1451535648509483,69
1776098306.852865,26,0.24772613898247722,1.0150224779360626,67
1776098306.88353,26,0.2312817684741325,1.0670749127020205,68
1776098306.917717,26,0.2148373979657878,1.1191273474679606,68
1776098306.951606,26,0.1780666676619362,1.1451535648509483,68
1776098306.9837599,26,0.1780666676619362,1.1451535648509483,68
1776098307.020354,26,0.18487814895118077,1.2232322169998764,70
1776098307.0517051,26,0.18487814895118077,1.1451535648509483,68
1776098307.084259,26,0.20132251945952548,1.2232322169998764,70
1776098307.1181529,26,0.2177668899678702,1.0150224779360626,67
1776098307.152125,26,0.23421126047621488,1.1711797822339185,70
1776098307.185787,26,0.2177668899678702,1.2232322169998764,70
1776098307.218813,26,0.19451103817028095,1.2232322169998764,70
1776098307.2514439,26,0.17125518637269171,1.2232322169998764,69
1776098307.287861,25,0.154810815864347,1.2232322169998764,67
1776098307.3194199,25,0.13836644535600226,1.2232322169998764,67
1776098307.352638,25,0.12192207484765756,1.2232322169998764,67
1776098307.383863,25,0.12192207484765756,1.2232322169998764,67
1776098307.420178,25,0.12192207484765756,1.2232322169998764,67
1776098307.452607,25,0.12192207484765756,1.3273370865317742,68
1776098307.483648,25,0.10547770433931282,1.2492584343828463,67
1776098307.520405,25,0.12192207484765756,1.2752846517658163,68
1776098307.5765781,25,0.13836644535600226,1.3273370865317742,69
1776098307.619595,25,0.154810815864347,1.45746817344666,71
1776098307.649817,25,0.154810815864347,1.1451535648509483,66
1776098307.6864278,25,0.14799933457510245,1.3533633039147444,69
1776098307.7199202,25,0.16444370508344716,1.5095206082126,72
1776098307.7531068,25,0.17125518637269171,1.3533633039147444,69
1776098307.783375,25,0.154810815864347,1.5095206082126,72
1776098307.81713,25,0.154810815864347,1.3533633039147444,69
1776098307.8499131,25,0.154810815864347,1.3533633039147444,69
1776098307.885057,25,0.154810815864347,1.3273370865317742,69
1776098307.919421,25,0.17125518637269171,1.1711797822339185,67
1776098307.9517922,25,0.17125518637269171,1.2492584343828463,68
1776098307.985219,24,0.18769955688103643,1.1972059996168884,65
1776098308.0191529,24,0.18769955688103643,1.1451535648509483,65
1776098308.052257,24,0.18769955688103643,1.2232322169998764,66
1776098308.084928,24,0.18769955688103643,1.2752846517658163,67
1776098308.119057,24,0.2109554086786257,1.2492584343828463,67
1776098308.152578,24,0.23421126047621496,1.1451535648509483,65
1776098308.186304,24,0.23421126047621496,1.1451535648509483,65
1776098308.219863,24,0.23421126047621493,0.33834082597868165,53
1776098308.251113,24,0.23421126047621488,0.26026217382975375,52
1776098308.284608,24,0.23421126047621488,0.3903932607446395,54
1776098308.3186162,24,0.2177668899678702,0.4424456955105973,55
1776098308.3511329,24,0.20132251945952545,0.3903932607446395,54
1776098308.43615,24,0.1780666676619362,0.3903932607446395,53
1776098308.484512,24,0.21095540867862564,0.5986029998084531,57
1776098308.5175161,24,0.2177668899678702,0.6506554345743932,58
1776098308.553349,24,0.2177668899678702,0.6246292171914232,57
1776098308.584328,24,0.2506556309845597,0.4424456955105973,55
1776098308.617784,24,0.23421126047621488,0.4424456955105973,55
1776098308.65041,24,0.23421126047621488,0.5465505650424953,56
1776098308.6843588,24,0.23421126047621488,0.4684719128935674,55
1776098308.7161448,24,0.2671000014929043,0.5465505650424953,57
1776098308.752627,24,0.2739114827821489,0.5986029998084531,58
1776098308.783425,24,0.2807229640713934,0.5986029998084531,58
1776098308.818031,24,0.2574671122738042,0.5986029998084531,58
1776098308.850997,24,0.23421126047621493,0.5986029998084531,57
1776098308.884964,24,0.24102274176545946,0.5986029998084531,57
1776098308.946959,24,0.24102274176545946,0.5205243476595253,56
1776098308.982641,24,0.22457837125711472,0.5986029998084531,57
1776098309.0173,24,0.24783422305470398,0.41641947812760954,55
1776098309.0522418,24,0.27109007485229325,0.4684719128935674,56
1776098309.0834298,24,0.27109007485229325,0.5205243476595253,57
1776098309.116627,24,0.27109007485229325,0.5725767824254653,57
1776098309.150375,24,0.23820133383560382,0.5465505650424953,56
1776098309.184139,24,0.21494548203801453,0.41641947812760954,54
1776098309.2167869,24,0.21494548203801453,0.4684719128935674,55
1776098309.250106,24,0.1820567410213251,0.7027078693403511,58
1776098309.282444,24,0.19850111152966984,0.5986029998084531,57
1776098309.32128,24,0.21494548203801453,0.6506554345743932,58
1776098309.3510242,24,0.22175696332725908,0.6506554345743932,58
1776098309.383162,24,0.18886822231056966,0.5725767824254653,56
1776098309.416586,24,0.1820567410213251,0.7287340867233211,58
1776098309.4501061,24,0.15880088922373586,0.7027078693403511,58
1776098309.483964,24,0.15880088922373586,0.7547603041063089,58
1776098309.517249,24,0.15880088922373586,0.7027078693403511,58
1776098309.551233,24,0.1355450374261466,0.5986029998084531,56
1776098309.585599,24,0.1355450374261466,0.6506554345743932,56
1776098309.6182752,24,0.1519894079344913,0.6506554345743932,57
1776098309.650712,24,0.12873355613690207,0.6246292171914232,56
1776098309.683794,24,0.12192207484765756,0.5465505650424953,55
1776098309.7170079,24,0.14517792664524679,0.2862883912127415,51
1776098309.750444,24,0.14517792664524679,0.18218352168082586,50
1776098309.7907252,24,0.16162229715359153,0.4424456955105973,54
1776098309.849507,24,0.19451103817028095,0.2862883912127415,52
1776098309.884817,23,0.19451103817028095,0.3903932607446395,52
1776098309.917622,23,0.19451103817028095,0.3903932607446395,52
1776098309.949724,23,0.19451103817028095,0.41641947812760954,52
1776098309.985472,23,0.1780666676619362,0.4424456955105973,52
1776098310.0156531,23,0.17125518637269171,0.3643670433616694,51
1776098310.060044,23,0.18769955688103643,0.5205243476595253,53
1776098310.117891,23,0.19451103817028098,0.4424456955105973,52
1776098310.150591,23,0.21776688996787022,0.4684719128935674,53
1776098310.1849139,23,0.23421126047621496,0.33834082597868165,51
1776098310.21768,23,0.23421126047621493,0.6766816519573811,56
1776098310.2511182,23,0.25746711227380414,0.7027078693403511,57
1776098310.284652,23,0.277793472069311,0.806812738872249,59
1776098310.344372,23,0.29423784257765573,0.9889962605530926,62
1776098310.382993,23,0.34357095410268984,0.9629700431701048,62
1776098310.41537,23,0.35038243539193437,1.0670749127020205,64
1776098310.449044,23,0.34357095410268984,1.0410486953190328,64
1776098310.481884,23,0.3435709541026899,1.0410486953190328,64
1776098310.5178409,23,0.32712658359434515,1.0410486953190328,63
1776098310.550438,23,0.31068221308600047,0.8848913910211769,61
1776098310.584981,23,0.31068221308600047,0.806812738872249,60
1776098310.615873,23,0.32712658359434515,0.780786521489279,59
1776098310.6503758,23,0.3339380648835897,0.6766816519573811,58
1776098310.684052,22,0.35038243539193437,0.6246292171914232,56
1776098310.718622,22,0.35719391668117895,0.6246292171914232,56
1776098310.751907,22,0.3736382871895237,0.7287340867233211,57
1776098310.78399,22,0.36682680590027916,0.8328389562552369,59
1776098310.818215,22,0.36001532461103464,0.9369438257871348,60
1776098310.8514502,22,0.3764596951193793,1.1191273474679606,63
1776098310.891867,22,0.39971554691696853,0.9109176084041647,61
1776098310.950721,22,0.4132304254232309,1.0670749127020205,63
1776098310.9832408,22,0.392904065627724,0.9369438257871348,61
1776098311.017486,22,0.36001532461103464,0.8328389562552369,59
1776098311.051685,22,0.32712658359434515,0.806812738872249,58
1776098311.0846999,22,0.3038707317967559,1.0410486953190328,61
1776098311.1174378,22,0.31068221308600047,1.2232322169998764,64
1776098311.1496792,22,0.32712658359434515,1.1972059996168884,64
1776098311.1848478,22,0.35038243539193437,1.2232322169998764,65
1776098311.2178931,22,0.35719391668117895,1.3013108691488042,66
1776098311.256652,23,0.3900826576978684,1.3533633039147444,69
1776098311.2842119,23,0.3900826576978683,0.9629700431701048,63
1776098311.31793,23,0.41333850949545764,0.8328389562552369,61
1776098311.3502562,23,0.4336648692909644,1.1191273474679606,66
1776098311.386537,23,0.42685338800171996,1.6917041298934437,75
1776098311.421243,23,0.4172204987826197,1.0931011300849907,65
1776098311.451869,23,0.4172204987826197,1.2492584343828463,68
1776098311.502186,23,0.4240319800718642,1.561573042978558,73
1776098311.555851,23,0.4075876095635196,1.4314419560636722,70
1776098311.624759,23,0.4075876095635195,1.379389521297732,70
1776098311.6862972,23,0.37081687925966794,1.3533633039147444,69
1776098311.718518,23,0.37081687925966794,1.4314419560636722,70
1776098311.7815309,23,0.38726124976801274,1.4054157386807022,70
1776098311.817922,23,0.38726124976801274,1.0150224779360626,64
1776098311.851549,23,0.4037056202763574,1.0670749127020205,65
1776098311.884465,22,0.39689413898711284,1.0150224779360626,62
1776098311.919444,22,0.39689413898711284,0.8848913910211769,60
1776098311.95216,22,0.3736382871895237,0.9629700431701048,61
1776098311.984141,22,0.3668268059002791,1.0670749127020205,62
1776098312.017547,22,0.35038243539193437,1.0150224779360626,61
1776098312.0512562,22,0.3503824353919343,0.8588651736382069,59
1776098312.0831501,22,0.33675947281344537,0.9109176084041647,60
1776098312.11793,22,0.32324459430718305,0.9109176084041647,59
1776098312.15262,22,0.32324459430718305,0.7027078693403511,56
1776098312.185148,22,0.31643311301793847,0.8588651736382069,59
1776098312.21631,22,0.29998874250959373,0.780786521489279,57
1776098312.251659,22,0.29317726122034926,0.8328389562552369,58
1776098312.284061,22,0.2767328907120045,0.806812738872249,57
1776098312.3161721,22,0.26992140942276,0.8848913910211769,58
1776098312.350152,22,0.29317726122034926,0.6766816519573811,55
1776098312.385487,22,0.29317726122034926,0.8588651736382069,58
1776098312.4169888,22,0.3232445943071831,0.8588651736382069,59
1776098312.448632,22,0.3396889648155278,0.49449813027653744,53
1776098312.4845839,22,0.32324459430718305,0.5986029998084531,55
1776098312.517483,22,0.33968896481552774,0.6766816519573811,56
1776098312.548983,22,0.34650044610477226,0.8588651736382069,59
1776098312.5839832,22,0.3697562979023616,0.6766816519573811,57
1776098312.618655,22,0.3533119273940168,0.6766816519573811,56
1776098312.651457,22,0.3368675568856721,0.7027078693403511,57
1776098312.6841102,22,0.33686755688567205,0.6506554345743932,56
1776098312.7182028,22,0.3039788158689826,0.9889962605530926,60
1776098312.750685,22,0.33272462956546367,1.0410486953190328,62
1776098312.783854,22,0.3162802590571189,0.5725767824254653,54
1776098312.816114,22,0.2998358885487742,0.49449813027653744,53
1776098312.850394,22,0.3162802590571189,0.49449813027653744,53
1776098312.884459,22,0.2998358885487742,0.49449813027653744,53
1776098312.916917,22,0.3162802590571189,0.4684719128935674,53
1776098312.9492621,22,0.3162802590571189,0.49449813027653744,53
1776098312.984023,22,0.2930244072595297,0.5725767824254653,54
1776098313.01501,22,0.2930244072595297,0.5986029998084531,54
1776098313.050333,22,0.26976855546194045,0.6246292171914232,54
1776098313.110917,22,0.26976855546194045,0.5465505650424953,53
1776098313.149106,22,0.3026572964786299,0.5465505650424953,54
1776098313.181526,22,0.2930244072595297,0.5205243476595253,53
1776098313.217697,22,0.2862129259702852,0.4684719128935674,52
1776098313.250898,22,0.29972780447654745,0.2342359564467837,49
1776098313.2840111,22,0.3229836562741368,0.3643670433616694,51
1776098313.317755,23,0.35587239729082615,0.5986029998084531,57
1776098313.352261,23,0.37619875708633305,0.5465505650424953,57
1776098313.384331,23,0.37619875708633305,0.6766816519573811,59
1776098313.4174058,23,0.3241970915922628,0.7027078693403511,58
1776098313.4511201,23,0.3406414621006074,0.7547603041063089,59
1776098313.483992,23,0.3406414621006074,0.780786521489279,60
1776098313.517299,23,0.3570858326089522,0.7547603041063089,59
1776098313.550532,23,0.3570858326089522,0.9109176084041647,62
1776098313.5854652,23,0.3926431275946777,0.780786521489279,60
1776098313.61694,23,0.3926431275946777,0.6506554345743932,58
1776098313.6503801,23,0.3926431275946777,0.780786521489279,60
1776098313.683831,23,0.3994546088839222,0.8588651736382069,62
1776098313.7172108,23,0.39945460888392226,0.806812738872249,61
1776098313.750529,23,0.3898217196648221,0.8328389562552369,61
1776098313.784226,23,0.37337734915647736,0.6766816519573811,59
1776098313.818586,23,0.36656586786723283,0.780786521489279,60
1776098313.8506691,23,0.35012149735888803,0.6246292171914232,57
1776098313.8836281,23,0.32979513756338125,0.7547603041063089,59
1776098313.917842,23,0.34331001606964356,0.806812738872249,60
1776098313.949895,23,0.3336771268505434,1.1711797822339185,65
1776098313.982514,23,0.3201622483442811,1.0670749127020205,64
1776098314.016563,23,0.3201622483442811,0.9629700431701048,62
1776098314.049887,23,0.33660661885262577,1.1191273474679606,65
1776098314.082062,23,0.33660661885262577,1.0670749127020205,64
1776098314.1171432,23,0.3598624706502151,1.3013108691488042,68
1776098314.151102,23,0.34341810014187035,1.1191273474679606,65
1776098314.1831622,23,0.3801888304457219,1.1191273474679606,65
1776098314.214491,23,0.3281871649516516,1.0670749127020205,64
1776098314.2505941,23,0.31174279444330694,1.0931011300849907,64
1776098314.2841952,23,0.31174279444330694,1.1191273474679606,64
1776098314.316288,23,0.30493131315406236,1.2752846517658163,67
1776098314.3501608,23,0.28167546135647314,1.3273370865317742,67
1776098314.3839061,23,0.28167546135647314,1.3013108691488042,67
1776098314.443893,23,0.28848694264571767,1.1451535648509483,64
1776098314.4825768,23,0.27204257213737293,0.9109176084041647,61
1776098314.515032,23,0.27204257213737293,1.3013108691488042,66
1776098314.5502331,23,0.27204257213737293,1.1711797822339185,64
1776098314.583337,23,0.2517162123418661,1.0670749127020205,63
1776098314.6169841,23,0.2517162123418661,0.9629700431701048,61
1776098314.649277,23,0.22846036054427685,1.1711797822339185,64
1776098314.684065,23,0.2449047310526216,0.806812738872249,59
1776098314.7177222,23,0.24490473105262156,1.0931011300849907,63
1776098314.750873,23,0.22846036054427685,0.9629700431701048,61
1776098314.7839732,23,0.2216488792550323,0.9889962605530926,61
1776098314.816947,23,0.20520450874668758,0.9629700431701048,60
1776098314.849429,23,0.18487814895118077,0.9369438257871348,60
1776098314.883178,23,0.18487814895118077,0.9109176084041647,59
1776098314.917589,23,0.20132251945952545,1.0670749127020205,62
1776098314.949227,23,0.2177668899678702,0.9629700431701048,61
1776098314.983834,23,0.2177668899678702,1.1191273474679606,63
1776098315.0164092,23,0.2177668899678702,0.9109176084041647,60
1776098315.0499158,23,0.19451103817028095,0.9629700431701048,60
1776098315.0821729,23,0.18769955688103643,0.7547603041063089,57
1776098315.1151412,23,0.18769955688103643,0.9629700431701048,60
1776098315.150322,23,0.20414392738938114,0.9889962605530926,61
1776098315.183053,23,0.20414392738938114,1.1972059996168884,64
1776098315.217382,23,0.18769955688103643,1.1191273474679606,62
1776098315.250283,23,0.18769955688103643,0.9629700431701048,60
1776098315.282348,23,0.18769955688103643,1.1191273474679606,62
1776098315.316257,23,0.17125518637269171,0.9889962605530926,60
1776098315.349351,23,0.154810815864347,0.8848913910211769,58
1776098315.38374,23,0.154810815864347,1.0410486953190328,61
1776098315.4167318,23,0.154810815864347,0.9889962605530926,60
1776098315.450739,23,0.154810815864347,1.0150224779360626,60
1776098315.483278,23,0.13836644535600226,0.7547603041063089,56
1776098315.5157602,23,0.13836644535600226,0.8848913910211769,58
1776098315.5484989,23,0.13836644535600226,0.8588651736382069,58
1776098315.582643,23,0.12192207484765756,0.9369438257871348,59
1776098315.616867,23,0.10547770433931282,0.9369438257871348,58
1776098315.6502578,23,0.10547770433931282,0.8848913910211769,58
1776098315.68293,23,0.10547770433931282,0.9629700431701048,59
1776098315.7431612,23,0.10547770433931282,0.780786521489279,56
1776098315.781431,23,0.12192207484765756,0.9369438257871348,59
1776098315.8153658,23,0.10547770433931282,0.9889962605530926,59
1776098315.847637,23,0.0890333338309681,0.8588651736382069,57
1776098315.8837152,23,0.10547770433931282,0.8848913910211769,58
1776098315.916142,23,0.0986662230500683,0.9629700431701048,59
1776098315.949478,23,0.11511059355841302,0.9629700431701048,59
1776098315.9832058,23,0.11511059355841302,1.0150224779360626,60
1776098316.015768,23,0.13836644535600226,0.7547603041063089,56
1776098316.049829,23,0.154810815864347,0.780786521489279,57
1776098316.081763,23,0.17125518637269171,0.9109176084041647,59
1776098316.116862,23,0.18769955688103643,0.7287340867233211,57
1776098316.150173,23,0.20414392738938114,0.5465505650424953,54
1776098316.182914,23,0.2273997791869704,0.3903932607446395,52
1776098316.215963,23,0.2109554086786257,0.5465505650424953,54
1776098316.248328,23,0.2273997791869704,0.49449813027653744,54
1776098316.282937,23,0.24384414969531512,0.49449813027653744,54
1776098316.315992,23,0.24384414969531512,0.5205243476595253,54
1776098316.350831,23,0.26028852020365983,0.41641947812760954,53
1776098316.383529,23,0.26028852020365983,0.3123146085957116,51
1776098316.4159832,23,0.24384414969531512,0.3123146085957116,51
1776098316.4495108,23,0.2671000014929043,0.4684719128935674,54
1776098316.4819221,23,0.2835443720012491,0.7287340867233211,58
1776098316.514894,23,0.28354437200124905,0.5465505650424953,55
1776098316.548629,23,0.29035585329049357,0.6246292171914232,57
1776098316.583543,23,0.29035585329049357,0.6246292171914232,57
1776098316.616405,23,0.3068002237988383,0.6506554345743932,57
1776098316.649122,23,0.28354437200124905,0.7547603041063089,58
1776098316.682497,23,0.28354437200124905,0.8328389562552369,60
1776098316.714606,23,0.2506556309845596,0.49449813027653744,54
1776098316.748857,23,0.23421126047621488,0.7027078693403511,57
1776098316.7826922,24,0.23421126047621493,0.6506554345743932,58
1776098316.817217,24,0.21095540867862564,0.5465505650424953,56
1776098316.849952,24,0.24772613898247722,0.5725767824254653,57
1776098316.8813188,24,0.24772613898247722,0.7547603041063089,60
1776098316.91597,24,0.2312817684741325,0.7547603041063089,59
1776098316.9488971,24,0.2312817684741325,0.7287340867233211,59
1776098316.9821,24,0.23809324976337706,0.6246292171914232,58
1776098317.014791,24,0.22164887925503235,0.780786521489279,60
1776098317.076412,24,0.23809324976337704,0.8588651736382069,61
1776098317.1136909,24,0.2312817684741325,0.8328389562552369,61
1776098317.1465101,24,0.23128176847413254,0.806812738872249,60
1776098317.180855,24,0.23809324976337704,0.7027078693403511,59
1776098317.215163,24,0.21483739796578782,0.7287340867233211,59
1776098317.246934,24,0.1983930274574431,0.5986029998084531,57
1776098317.282298,24,0.1819486569490984,0.8328389562552369,60
1776098317.314545,24,0.18194865694909837,0.7547603041063089,59
1776098317.34738,24,0.16550428644075363,0.8328389562552369,60
1776098317.3820329,23,0.18194865694909837,0.8328389562552191,58
1776098317.4158661,23,0.1819486569490984,0.8068127388722668,58
1776098317.447813,23,0.1887601382383429,0.8328389562552191,58
1776098317.481537,23,0.2052045087466876,0.9109176084041469,60
1776098317.515819,23,0.18487814895118077,0.780786521489279,57
1776098317.549828,23,0.18487814895118077,0.5986029998084353,55
1776098317.582089,23,0.20813400074877,0.7547603041062911,57
1776098317.6150599,23,0.22457837125711472,0.7287340867233388,57
1776098317.6491342,23,0.22457837125711472,0.7547603041062911,57
1776098317.681493,23,0.22457837125711472,0.9629700431701226,61
1776098317.7154691,23,0.20813400074877,0.7287340867233388,57
1776098317.7486138,23,0.1916896302404253,1.0150224779360626,61
1776098317.782778,23,0.1916896302404253,0.9889962605530749,61
1776098317.8146508,23,0.16843377844283602,0.7547603041062911,57
1776098317.848556,23,0.18487814895118077,0.5465505650424953,54
1776098317.882709,23,0.18487814895118077,0.8848913910211946,59
1776098317.915216,23,0.20132251945952545,0.5205243476595075,54
1776098317.948468,23,0.2177668899678702,0.9109176084041469,60
1776098317.9821608,23,0.24102274176545943,0.9109176084041469,60
1776098318.016361,23,0.24102274176545943,0.8068127388722668,59
1776098318.048373,23,0.24102274176545943,0.7547603041062911,58
1776098318.080839,23,0.2177668899678702,0.7027078693403511,57
1776098318.1153128,23,0.20132251945952545,0.8068127388722668,58
1776098318.145501,23,0.18487814895118077,0.7547603041062911,57
1776098318.179795,23,0.16843377844283602,0.5986029998084353,54
1776098318.214089,23,0.14517792664524679,0.780786521489279,57
1776098318.2513652,23,0.12873355613690207,0.6766816519573633,55
1776098318.279051,23,0.10547770433931282,0.7547603041062911,56
1776098318.313154,23,0.12192207484765756,0.7027078693403511,55
1776098318.34682,23,0.13836644535600226,0.7287340867233388,56
1776098318.4236329,23,0.13836644535600226,0.8588651736382069,58
1776098318.480383,23,0.12192207484765756,0.780786521489279,56
1776098318.5133471,23,0.12192207484765756,0.8068127388722668,57
1776098318.54723,23,0.12192207484765756,0.7547603041062911,56
1776098318.5801542,23,0.13836644535600226,0.8068127388722668,57
1776098318.6139898,23,0.12192207484765756,0.9889962605530749,59
1776098318.648065,23,0.10547770433931282,0.9629700431701226,59
1776098318.6815932,23,0.0986662230500683,1.0150224779360626,60
1776098318.715338,23,0.0986662230500683,0.8328389562552191,57
1776098318.748269,23,0.0986662230500683,0.7547603041062911,56
1776098318.7819772,23,0.0986662230500683,0.9109176084041469,58
1776098318.814267,23,0.11511059355841302,0.8588651736382069,57
1776098318.847383,23,0.11511059355841302,0.7547603041062911,56
1776098318.8813288,23,0.11511059355841302,0.8328389562552191,57
1776098318.914537,23,0.13155496406675773,0.9889962605530749,60
1776098318.948184,23,0.14799933457510245,0.9109176084041469,59
1776098318.9813619,23,0.16444370508344716,0.9629700431701226,60
1776098319.014233,23,0.16444370508344716,0.8328389562552191,58
1776098319.047619,23,0.16444370508344716,0.7547603041062911,57
1776098319.080501,23,0.16444370508344716,0.8328389562552191,58
1776098319.114285,23,0.16444370508344716,0.8588651736382069,58
1776098319.147887,23,0.1808880755917919,0.7287340867233388,56
1776098319.181431,23,0.1808880755917919,0.8068127388722668,58
1776098319.213933,23,0.16444370508344716,0.8068127388722668,57
1776098319.24825,23,0.16444370508344716,0.8068127388722668,57
1776098319.280467,23,0.16444370508344716,0.7027078693403511,56
1776098319.313183,23,0.14799933457510245,0.8588651736382069,58
1776098319.347415,23,0.13155496406675773,0.8588651736382069,58
1776098319.380223,23,0.13155496406675773,0.8588651736382069,58
1776098319.414586,23,0.13155496406675773,0.7027078693403511,55
1776098319.447387,23,0.11511059355841302,0.650655434574411,54
1776098319.4812129,23,0.11511059355841302,1.0150224779360626,60
1776098319.51396,23,0.11511059355841302,0.8068127388722668,57
1776098319.547273,23,0.0986662230500683,0.9109176084041469,58
1776098319.581006,23,0.08222185254172358,0.7547603041062911,55
1776098319.6139379,23,0.08222185254172358,0.8068127388722668,56
1776098319.647767,23,0.08222185254172358,0.650655434574411,54
1776098319.680285,23,0.06577748203337887,0.7027078693403511,54
1776098319.740981,23,0.06577748203337887,0.7547603041062911,55
1776098319.779426,23,0.06577748203337887,0.7287340867233388,55
1776098319.813235,23,0.06577748203337887,0.7287340867233388,55
1776098319.846456,23,0.04933311152503415,0.780786521489279,55
1776098319.8818939,23,0.06577748203337887,0.8588651736382069,57
1776098319.9134238,23,0.06577748203337887,0.7027078693403511,54
1776098319.946882,23,0.08222185254172358,0.6766816519573633,54
1776098319.981067,23,0.0986662230500683,0.5986029998084353,53
1776098320.0130079,23,0.12192207484765756,0.650655434574411,54
1776098320.0468512,23,0.13836644535600226,0.7547603041062911,56
1776098320.0806909,23,0.13836644535600226,0.5465505650424953,53
1776098320.115019,23,0.154810815864347,0.1041048695319157,47
1776098320.145566,23,0.17125518637269171,0.130131086914868,47
1776098320.180338,23,0.18769955688103643,0.28628839121272376,50
1776098320.2141702,23,0.18769955688103643,0.026026217382987802,46
1776098320.246778,23,0.22447028718488798,0.1041048695319157,48
1776098320.2806468,23,0.23128176847413254,0.130131086914868,48
1776098320.313708,23,0.23809324976337706,0.1561573042978558,49
1776098320.348046,23,0.23809324976337706,0.0520524347659401,47
1776098320.380028,23,0.2545376202717218,0.130131086914868,49
1776098320.412788,23,0.277793472069311,0.130131086914868,49
1776098320.447314,23,0.2613491015609663,0.4424456955105796,53
1776098320.479863,23,0.277793472069311,0.130131086914868,49
1776098320.5128279,23,0.2613491015609663,0.130131086914868,49
1776098320.546818,23,0.28460495335855557,0.0780786521489279,48
1776098320.5811882,23,0.2914164346478001,0.1821835216808436,50
1776098320.6129541,23,0.2982279159370446,0.3123146085957116,52
1776098320.646374,23,0.27497206413945535,0.3903932607446395,53
1776098320.679756,23,0.2585276936311106,0.1821835216808436,49
1776098320.713113,23,0.27497206413945535,0.4164194781276273,53
1776098320.746618,22,0.27497206413945535,0.3643670433616517,51
1776098320.7804642,22,0.2914164346478001,0.6766816519573633,55
1776098320.814402,22,0.2914164346478001,0.8328389562552191,58
1776098320.845838,22,0.31467228644538936,0.650655434574411,55
1776098320.879433,22,0.30115740793912704,0.4164194781276273,52
1776098320.9137988,22,0.2779015561415378,0.5465505650424953,53
1776098320.946204,22,0.27109007485229325,0.6766816519573633,55
1776098320.979688,22,0.27109007485229325,0.5986029998084353,54
1776098321.0139148,22,0.27109007485229325,0.572576782425483,54
1776098321.073819,22,0.2642785935630487,0.572576782425483,53
1776098321.111845,22,0.2807229640713934,0.4164194781276273,51
1776098321.144727,22,0.2807229640713934,0.5465505650424953,53
1776098321.179934,22,0.2807229640713934,0.6246292171914232,54
1776098321.21271,22,0.2739114827821489,0.8068127388722668,57
1776098321.24676,22,0.2506556309845597,0.9629700431701226,59
1776098321.2801301,22,0.24384414969531512,0.8848913910211946,58
1776098321.313558,23,0.24384414969531512,0.9629700431701226,61
1776098321.3458219,23,0.2671000014929043,0.7027078693403511,57
1776098321.379294,23,0.2671000014929044,0.6246292171914232,56
1776098321.413126,23,0.2506556309845597,0.8588651736382069,59
1776098321.44558,23,0.24102274176545943,0.780786521489279,58
1776098321.47942,23,0.24102274176545943,1.0150224779360626,62
1776098321.513432,23,0.23421126047621493,0.9889962605530749,61
1776098321.5465899,23,0.23421126047621493,0.9109176084041469,60
1776098321.5793831,23,0.2709819907800665,1.1191273474679784,64
1776098321.6126468,23,0.2913083505755733,1.3793895212977143,68
1776098321.646625,23,0.30775272108391805,1.3273370865317742,67
1776098321.678692,23,0.32419709159226273,1.3533633039147444,68
1776098321.712739,23,0.3406414621006074,1.2232322169998764,66
1776098321.7465038,23,0.3406414621006074,1.3273370865317742,68
1776098321.779893,23,0.3406414621006074,1.3273370865317742,68
1776098321.812462,23,0.3735302031172969,1.379389521297732,69
1776098321.845351,23,0.3735302031172969,1.4054157386807022,69
1776098321.8794281,23,0.3899745736256416,1.2492584343828463,67
1776098321.912034,23,0.3899745736256416,1.379389521297732,69
1776098321.946301,23,0.4064189441339864,1.1972059996168884,67
1776098321.979949,23,0.42967479593157565,1.0410486953190328,65
1776098322.0124412,23,0.42967479593157565,0.9629700431701048,64
1776098322.04545,23,0.4461191664399204,1.0670749127020205,65
1776098322.0786061,23,0.4461191664399203,1.0150224779360626,65
1776098322.112776,23,0.45293064772916486,1.1451535648509483,67
1776098322.14543,23,0.45293064772916486,1.1191273474679606,66
1776098322.179456,23,0.4461191664399203,1.0931011300849907,66
1776098322.212712,23,0.4461191664399203,0.8588651736382069,62
1776098322.2463648,23,0.4257928066444135,1.2232322169998764,68
1776098322.278872,23,0.4257928066444135,1.2232322169998764,68
1776098322.31191,23,0.4093484361360687,1.4054157386807022,70
1776098322.372571,23,0.392904065627724,1.45746817344666,71
1776098322.4116569,23,0.39971554691696853,1.535546825595588,72
1776098322.445432,23,0.39971554691696853,1.6136254777445158,73
1776098322.478165,23,0.38327117640862385,1.4314419560636722,70
1776098322.512325,23,0.38327117640862385,1.48349439082963,71
1776098322.5452118,23,0.3832711764086238,1.3273370865317742,68
1776098322.578496,23,0.38327117640862385,1.561573042978558,72
1776098322.612383,23,0.3668268059002791,1.6917041298934437,74
1776098322.645518,23,0.35320384332179006,1.6136254777445158,72
1776098322.6792839,23,0.35320384332179006,1.561573042978558,72
1776098322.711922,23,0.33675947281344537,1.48349439082963,70
1776098322.7458591,23,0.32994799152420073,1.4054157386807022,69
1776098322.778246,23,0.3066921397266116,1.2492584343828463,66
1776098322.8116539,23,0.29024776921826684,1.2492584343828463,66
1776098322.845824,23,0.29024776921826684,1.2752846517658163,66
1776098322.8787498,23,0.26992140942276,1.3273370865317742,67
1776098322.91234,23,0.26992140942276,1.2232322169998764,65
1776098322.944858,23,0.2534770389144153,1.3273370865317742,67
1776098322.97906,23,0.2534770389144153,1.3533633039147444,67
1776098323.011554,23,0.27380339870992215,1.1451535648509483,64
1776098323.045144,23,0.27380339870992215,1.3013108691488042,66
1776098323.078584,23,0.294129758505429,1.4054157386807022,68
1776098323.112319,23,0.3270184995221184,1.561573042978558,71
1776098323.1454248,23,0.33382998081136295,1.6136254777445158,72
1776098323.17841,23,0.33382998081136295,1.9259400863402274,77
1776098323.2125592,23,0.31738561030301826,1.7437565646593838,74
1776098323.2449322,23,0.33382998081136295,1.7177303472764138,74
1776098323.278243,23,0.31738561030301826,1.7958089994253417,74
1776098323.312025,23,0.33382998081136295,1.9519663037231973,77
1776098323.345296,23,0.33382998081136295,1.7958089994253417,75
1776098323.378707,23,0.3406414621006075,1.8218352168083116,75
1776098323.411461,23,0.37353020311729696,1.9259400863402274,77
1776098323.445193,23,0.3967860549148862,1.7958089994253417,76
1776098323.4780312,23,0.3803416844065414,1.535546825595588,72
1776098323.511672,23,0.36389731389819674,1.5095206082126,71
1776098323.545161,23,0.34745294338985194,1.379389521297732,69
1776098323.578173,23,0.36389731389819674,1.2492584343828463,67
1776098323.611609,23,0.36389731389819674,1.379389521297732,69
1776098323.644619,23,0.35038243539193437,1.3533633039147444,68
1776098323.705345,23,0.34357095410268984,1.2752846517658163,67
1776098323.744355,23,0.32324459430718305,1.48349439082963,70
1776098323.7774742,23,0.29035585329049357,1.48349439082963,69
1776098323.812593,23,0.28354437200124905,1.4314419560636722,69
1776098323.845194,23,0.28354437200124905,1.48349439082963,69
1776098323.877707,23,0.28354437200124905,1.379389521297732,68
1776098323.911243,23,0.28354437200124905,1.6136254777445158,71
1776098323.9452229,23,0.29035585329049357,1.5875992603615279,71
1776098323.977931,23,0.27391148278214894,1.6396516951274858,72
1776098324.01106,23,0.29035585329049357,1.5875992603615279,71
1776098324.0457962,23,0.28354437200124905,1.6396516951274858,72
1776098324.078212,23,0.2506556309845596,1.665677912510456,72
1776098324.110823,23,0.2506556309845597,1.6396516951274858,71
1776098324.1437912,23,0.2671000014929043,1.5875992603615279,71
1776098324.178323,23,0.28354437200124905,1.4054157386807022,68
1776098324.211016,23,0.3068002237988383,1.535546825595588,70
1776098324.244106,23,0.3136117050880829,1.535546825595588,71
1776098324.278889,23,0.3204231863773274,1.2232322169998764,66
1776098324.31145,23,0.3204231863773274,1.535546825595588,71
1776098324.344346,23,0.3204231863773274,1.379389521297732,68
1776098324.3776078,23,0.3039788158689827,1.379389521297732,68
1776098324.4113889,23,0.3107902971582272,1.535546825595588,70
1776098324.444138,23,0.31079029715822715,1.379389521297732,68
1776098324.477128,23,0.3107902971582272,1.379389521297732,68
1776098324.512063,23,0.3272346676665719,1.2752846517658163,67
1776098324.5448651,23,0.32723466766657194,1.3273370865317742,68
1776098324.5775738,23,0.3039788158689826,1.1191273474679606,64
1776098324.610503,23,0.28753444536063794,1.1711797822339185,65
1776098324.644663,23,0.28753444536063794,1.3013108691488042,67
1776098324.677492,23,0.28753444536063794,1.379389521297732,68
1776098324.7107909,23,0.28753444536063794,1.1972059996168884,65
1776098324.7454028,23,0.2642785935630487,1.535546825595588,70
1776098324.777997,23,0.2710900748522932,1.6917041298934437,72
1776098324.810485,23,0.27109007485229325,1.2232322169998764,65
1776098324.8440661,23,0.24783422305470398,1.535546825595588,70
1776098324.877878,23,0.24783422305470398,1.379389521297732,67
1776098324.910697,23,0.24783422305470398,1.3273370865317742,66
1776098324.943831,23,0.22457837125711472,1.379389521297732,67
1776098324.978535,23,0.20813400074877,1.5875992603615279,70
1776098325.037814,23,0.22457837125711472,1.6396516951274858,71
1776098325.077152,23,0.22457837125711472,1.535546825595588,69
1776098325.110232,23,0.22457837125711472,1.45746817344666,68
1776098325.144042,23,0.20813400074877,1.5875992603615279,70
1776098325.176916,23,0.1916896302404253,1.535546825595588,69
1776098325.210384,23,0.1916896302404253,1.535546825595588,69
1776098325.247564,23,0.1916896302404253,1.3013108691488042,65
1776098325.3231108,23,0.20813400074877,1.4314419560636722,67
1776098325.411256,23,0.20813400074877,1.6396516951274858,71
1776098325.555218,23,0.22846036054427685,1.5875992603615279,70
1776098325.6351528,23,0.24490473105262156,1.2752846517658163,66
1776098325.691054,23,0.2613491015609663,1.2232322169998764,65
1776098325.7625222,23,0.2613491015609663,1.2752846517658163,66
1776098325.811361,23,0.2613491015609663,1.2232322169998764,65
1776098325.846428,23,0.28460495335855557,1.1191273474679606,64
1776098325.878089,23,0.28460495335855557,1.0150224779360626,62
1776098325.911681,23,0.277793472069311,1.2232322169998764,65
1776098325.944661,23,0.31068221308600047,0.9109176084041647,61
1776098325.976798,23,0.32712658359434515,1.0670749127020205,64
1776098326.010071,23,0.32712658359434515,1.0150224779360626,63
1776098326.043489,23,0.32031510230510063,1.0150224779360626,63
1776098326.0773172,23,0.3203151023051007,1.1711797822339185,65
1776098326.109759,23,0.3367594728134453,0.9889962605530926,63
1776098326.148097,23,0.36001532461103464,1.0150224779360626,63
1776098326.177871,23,0.3435709541026899,0.9889962605530926,63
1776098326.209779,23,0.36682680590027916,1.1451535648509483,65
1776098326.243136,23,0.36682680590027916,1.1451535648509483,65
1776098326.2764611,23,0.36682680590027916,1.0410486953190328,64
1776098326.310472,23,0.34650044610477226,0.8588651736382069,61
1776098326.343005,23,0.3300560755964276,1.0150224779360626,63
1776098326.377151,23,0.3136117050880829,1.0670749127020205,64
1776098326.4111779,23,0.30680022379883837,1.0410486953190328,63
1776098326.447295,23,0.32324459430718305,0.8328389562552369,60
1776098326.477399,23,0.29998874250959373,0.8328389562552369,60
1776098326.5104058,23,0.29317726122034926,1.0670749127020205,63
1776098326.544054,23,0.29317726122034926,0.9889962605530926,62
1776098326.57679,23,0.2767328907120045,0.9109176084041647,61
1776098326.6107159,23,0.2767328907120045,0.8848913910211769,60
1776098326.6715672,23,0.26028852020365983,0.806812738872249,59
1776098326.7100759,23,0.26028852020365983,1.1451535648509483,64
1776098326.7433019,23,0.26028852020365983,1.2232322169998764,65
1776098326.776663,23,0.26028852020365983,1.1972059996168884,65
1776098326.8104892,23,0.23703266840607057,1.1972059996168884,64
1776098326.8440168,23,0.23703266840607057,1.0410486953190328,62
1776098326.877284,23,0.23022118711682604,0.9889962605530926,61
1776098326.910516,23,0.21377681660848133,0.9109176084041647,60
1776098326.943434,23,0.22058829789772588,1.0150224779360626,61
1776098326.976663,23,0.23703266840607057,1.0150224779360626,62
1776098327.009773,23,0.26992140942276,1.0150224779360626,62
1776098327.043937,23,0.28636577993110474,0.806812738872249,59
1776098327.0772212,23,0.3066921397266116,1.0670749127020205,63
1776098327.1106071,23,0.32580506420399236,1.0670749127020205,64
1776098327.1439,23,0.32580506420399236,0.8848913910211769,61
1776098327.1766698,23,0.3326165454932369,1.0410486953190328,63
1776098327.2098482,23,0.3490609160015816,0.8588651736382069,61
1776098327.243378,23,0.36550528650992636,0.8848913910211769,62
1776098327.276979,23,0.36550528650992636,1.0150224779360626,64
1776098327.310121,23,0.38194965701827105,0.9889962605530926,63
1776098327.343671,23,0.36550528650992636,1.1972059996168884,66
1776098327.376876,23,0.3723167677991709,1.2492584343828463,67
1776098327.4097211,23,0.3723167677991709,1.1191273474679606,65
1776098327.4430149,23,0.38876113830751563,1.0931011300849907,65
1776098327.4762828,23,0.4052055088158603,1.0931011300849907,65
1776098327.5106509,23,0.4052055088158603,1.1972059996168884,67
1776098327.5498712,23,0.4284613606134496,0.9889962605530926,64
1776098327.577366,23,0.4052055088158603,0.8848913910211769,62
1776098327.610125,23,0.38876113830751563,0.9889962605530926,63
1776098327.643219,23,0.3723167677991709,1.1711797822339185,66
1776098327.676332,23,0.39264312759467773,1.0150224779360626,64
1776098327.709505,23,0.4052055088158603,1.1451535648509483,66
1776098327.743537,23,0.3764596951193793,0.5465505650424953,57
1776098327.7759418,23,0.4422371771527582,0.8848913910211769,63
1776098327.8102999,23,0.4867832019078662,0.6246292171914232,59
1776098327.8437278,23,0.503227572416211,1.1191273474679606,67
1776098327.8761349,23,0.5703660321620219,0.9629700431701048,66
1776098327.9096801,23,0.6217235382063744,0.9629700431701048,67
1776098327.942925,23,0.6710566497314085,0.780786521489279,65
1776098328.003794,23,0.7669429831065793,0.8848913910211769,68
1776098328.04404,23,0.8792908844143845,0.6246292171914232,65
1776098328.075988,23,0.9668498448941802,0.3903932607446395,63
1776098328.1100101,23,1.0096964954464003,0.4684719128935674,65
1776098328.142755,23,1.0261408659547449,0.3383408259786994,63
1776098328.1748421,23,1.0464672257502519,0.3383408259786994,64
1776098328.2096572,23,1.0725444854776969,0.3383408259786994,64
1776098328.244454,23,1.0889888559860414,0.650655434574411,69
1776098328.276869,23,1.0889888559860414,0.4164194781276273,65
1776098328.309669,23,1.095800337275286,0.5205243476595075,67
1776098328.343304,23,1.0590296069714344,0.6766816519573633,69
1776098328.37606,23,1.0096964954464005,0.3643670433616517,63
1776098328.409378,23,1.0096964954464005,0.4164194781276273,64
1776098328.442632,23,0.9768077544297109,0.3643670433616517,63
1776098328.477581,23,0.9254502483853582,0.6766816519573633,67
1776098328.510325,23,0.9128878671641758,0.650655434574411,66
1776098328.5428631,23,0.8293050369100201,0.5986029998084353,64
1776098328.576682,23,0.8108362718823571,0.3903932607446395,61
1776098328.609357,23,0.7818295201528298,0.41641947812760954,61
1776098328.642763,23,0.7188319277943485,0.3643670433616694,59
1776098328.6759338,23,0.5996725451972985,0.41641947812760954,58
1776098328.710515,23,0.5189250660067473,0.18218352168082586,53
1776098328.743391,23,0.49252278596287213,0.1561573042978558,53
1776098328.776014,23,0.47607841545452734,0.18218352168082586,53
1776098328.809721,23,0.45575205565902044,0.26026217382975375,54
1776098328.842297,23,0.42286331464233107,0.26026217382975375,53
1776098328.875875,23,0.42286331464233107,0.33834082597868165,54
1776098328.909285,23,0.4064189441339864,0.3643670433616694,54
1776098328.94399,23,0.4064189441339864,0.3643670433616694,54
1776098328.9768739,23,0.4228633146423311,0.3903932607446395,55
1776098329.0093598,23,0.4228633146423311,0.5205243476595253,57
1776098329.04311,23,0.4160518333530866,0.3903932607446395,55
1776098329.0760078,23,0.4064189441339864,0.4424456955105796,56
1776098329.109279,23,0.4267453039294932,0.1821835216808436,52
1776098329.1427069,23,0.4064189441339864,0.2602621738297715,53
1776098329.1761642,23,0.4064189441339864,0.4164194781276273,55
1776098329.2098958,23,0.3735302031172969,0.3643670433616517,54
1776098329.24243,23,0.36001532461103464,0.5205243476595075,56
1776098329.276206,23,0.3503824353919345,0.4944981302765552,55
1776098329.3357491,23,0.3503824353919345,0.4684719128935674,55
1776098329.3776472,23,0.3435709541026899,0.2862883912127415,52
1776098329.4094589,23,0.34745294338985194,0.33834082597868165,53
1776098329.443879,23,0.3542644246790965,0.1561573042978558,50
1776098329.47589,23,0.3378200541707518,0.20820973906381365,51
1776098329.5093591,23,0.3378200541707518,0.18218352168082586,51
1776098329.542926,23,0.3378200541707518,0.13013108691488576,50
1776098329.575547,23,0.3378200541707518,0.2342359564467837,51
1776098329.6088178,23,0.33100857288150726,0.3903932607446395,54
1776098329.642853,23,0.33100857288150726,0.3903932607446395,54
1776098329.6771042,23,0.34745294338985194,0.3643670433616694,53
1776098329.709302,23,0.33100857288150726,0.26026217382975375,52
1776098329.742424,23,0.30775272108391805,0.2862883912127415,52
1776098329.7764962,23,0.2709819907800665,0.2342359564467837,50
1776098329.8090088,23,0.277793472069311,0.5465505650424953,55
1776098329.842437,23,0.277793472069311,0.41641947812760954,53
1776098329.876152,23,0.277793472069311,0.7027078693403511,58
1776098329.910638,23,0.2709819907800665,0.4684719128935674,54
1776098329.942465,23,0.264170509490822,0.5725767824254653,55
1776098329.9756951,23,0.26417050949082194,0.5725767824254653,55
1776098330.009784,23,0.26417050949082194,0.3903932607446395,53
1776098330.042274,23,0.2506556309845597,0.5205243476595253,54
1776098330.07507,23,0.24384414969531512,0.4424456955105973,53
1776098330.1094,23,0.24384414969531512,0.7027078693403511,57
1776098330.1436942,23,0.2506556309845597,0.4684719128935674,54
1776098330.175796,23,0.23421126047621493,0.5465505650424953,55
1776098330.208939,23,0.2506556309845597,0.6246292171914232,56
1776098330.2430022,23,0.2506556309845596,0.6246292171914232,56
1776098330.275348,23,0.2506556309845596,0.7027078693403511,57
1776098330.308275,23,0.2506556309845596,0.5465505650424953,55
1776098330.3428311,23,0.2671000014929043,0.572576782425483,55
1776098330.3773272,23,0.28354437200124905,0.650655434574411,57
1776098330.409081,23,0.29998874250959373,0.5986029998084353,56
1776098330.442123,23,0.2767328907120045,0.780786521489279,59
1776098330.476233,23,0.2767328907120045,0.7287340867233388,58
1776098330.509099,23,0.28354437200124905,0.7547603041062911,58
1776098330.541885,23,0.2835443720012491,0.7027078693403511,58
1776098330.574255,23,0.2835443720012491,0.8848913910211946,60
1776098330.6372201,23,0.28354437200124905,0.780786521489279,59
1776098330.675781,23,0.29035585329049357,0.8588651736382069,60
1776098330.70919,23,0.2903558532904936,0.6766816519573633,57
1776098330.742263,23,0.2903558532904936,0.7547603041062911,58
1776098330.775912,23,0.3136117050880829,0.3123146085957116,52
1776098330.8094022,23,0.3136117050880829,0.2602621738297715,51
1776098330.843185,23,0.4021673504251014,0.2082097390637959,52
1776098330.876041,23,0.4554905353095243,0.9629700431701226,64
1776098330.908931,23,0.5212680173429032,0.9629700431701226,65
1776098330.941972,23,0.5783651074422617,1.0410486953190505,67
1776098330.975211,23,0.5948094779506063,0.8848913910211946,65
1776098331.009572,23,0.5948094779506063,0.9629700431701226,66
1776098331.042635,23,0.611253848458951,0.8068127388722668,64
1776098331.076142,23,0.6276982189672957,0.8068127388722668,64
1776098331.1096761,23,0.6441425894756406,0.8328389562552191,65
1776098331.141952,23,0.6441425894756405,0.8588651736382069,65
1776098331.17472,23,0.6373311081863959,0.6246292171914232,62
1776098331.20868,23,0.6208867376780512,0.8068127388722668,64
1776098331.24716,23,0.6276982189672957,0.6246292171914232,62
1776098331.295182,23,0.6276982189672957,0.572576782425483,61
1776098331.341106,23,0.6866642197114301,0.7027078693403511,64
1776098331.375175,23,0.7127414794388751,0.8588651736382069,66
1776098331.4077299,23,0.7785189614722539,1.0410486953190505,70
1776098331.442595,23,0.8374849622163882,1.1451535648509306,73
1776098331.474578,23,0.9128953334688673,1.0410486953190505,72
1776098331.5095098,23,0.949576282792162,1.0150224779360626,72
1776098331.542441,23,0.963658893510194,1.275284651765834,76
1776098331.574086,23,0.9549785015761734,1.2492584343828463,76
1776098331.608143,23,0.9801032640185385,1.0410486953190505,73
1776098331.6410098,23,0.9992161884959193,1.3013108691487865,77
1776098331.675219,23,1.0321049295126088,1.1972059996169062,76
1776098331.7086122,23,1.0830663546067187,1.0931011300849907,75
1776098331.7431822,23,1.0734334653876185,1.3013108691487865,78
1776098331.775409,23,1.0802449466768629,1.3533633039147621,79
1776098331.8076448,23,1.0966893171852077,1.48349439082963,82
1776098331.842902,23,1.1035007984744523,1.4574681734466421,81
1776098331.8745549,23,1.1267566502720414,1.4054157386807022,81
1776098331.908347,23,1.1402715287783036,1.2232322169998586,78
1776098331.942507,23,1.1916290348226561,1.1972059996169062,79
1776098332.0032709,23,1.1916290348226564,0.5205243476595075,68
1776098332.041962,23,1.2526081142091772,0.7027078693403511,72
1776098332.0750332,23,1.2381881382201505,0.8588651736382069,74
1776098332.109146,23,1.223768162231124,1.1972059996169062,79
1776098332.142067,23,1.223768162231124,0.8068127388722668,73
1776098332.174558,24,1.1807534201125345,0.9369438257871348,76
1776098332.209145,24,1.1647051305544325,0.9629700431701226,77
1776098332.2434602,24,1.1733855224884526,0.8068127388722668,74
1776098332.275323,24,1.1425211759910818,0.9109176084041469,75
1776098332.308532,24,1.1425211759910818,1.1711797822339185,79
1776098332.34229,24,1.145189729960118,1.275284651765834,81
1776098332.375147,24,1.1133412293433889,1.2232322169998586,80
1776098332.408266,24,1.126856107849651,1.0670749127020027,78
1776098332.442154,24,1.1403709863559133,1.0931011300849907,78
1776098332.476583,24,1.1239266158475687,1.0670749127020027,78
1776098332.508642,24,1.1374414943538311,1.1451535648509306,79
1776098332.541455,24,1.1374414943538311,1.1972059996169062,80
1776098332.5754082,24,1.1239266158475687,1.561573042978558,85
1776098332.608096,24,1.072569109803216,1.3533633039147621,81
1776098332.641842,24,1.0136031090590818,1.3533633039147621,80
1776098332.675711,24,0.903290918147527,1.5355468255955702,81
1776098332.709953,24,0.884822153119864,1.3273370865317742,78
1776098332.741528,24,0.840276128364756,1.4054157386807022,78
1776098332.774945,24,0.7648657571122768,1.3793895212977143,77
1776098332.809004,24,0.6990882750788979,1.6656779125104737,80
1776098332.8415859,24,0.6545422503237901,1.3533633039147621,75
1776098332.874547,24,0.5723203977820664,1.48349439082963,76
1776098332.909007,24,0.5374072622460586,1.1711797822339185,70
1776098332.9432142,24,0.52217632705584,1.1451535648509306,70
1776098332.9748302,24,0.49343051335935895,1.0931011300849907,68
1776098333.007801,24,0.49343051335935895,1.0410486953190505,68
1776098333.0423129,24,0.5086614485495776,1.1451535648509306,69
1776098333.075198,24,0.5212238297707602,1.0931011300849907,69
1776098333.10801,24,0.5376682002791049,1.3013108691487865,72
1776098333.1423922,24,0.5686993465279506,0.8588651736382069,66
1776098333.176474,24,0.5974451602244316,0.8848913910211946,67
1776098333.207671,24,0.6261909739209126,0.8848913910211769,67
1776098333.240962,24,0.6465173337164193,1.1451535648509483,72
1776098333.301613,24,0.6725945934438643,0.806812738872249,67
1776098333.3411462,24,0.782906784355419,0.9369438257871348,70
1776098333.374899,24,0.8174238389411843,0.806812738872249,69
1776098333.408565,24,0.8461696526376653,0.5725767824254653,66
1776098333.442164,24,0.9391930598280223,0.33834082597868165,64
1776098333.474698,24,0.9905505658723748,0.7287340867233211,70
1776098333.508163,24,1.067321914837286,0.9109176084041647,74
1776098333.541908,24,1.1925585094975995,1.1711797822339185,80
1776098333.5747662,24,1.275949027468856,0.9629700431701048,78
1776098333.608722,25,1.3322017043553613,1.2752846517658163,86
1776098333.642092,25,1.408973053320273,1.1451535648509483,85
1776098333.675408,25,1.4720819813846153,0.9889962605530926,83
1776098333.708014,25,1.5303925068020998,1.2752846517658163,89
1776098333.741535,25,1.61363814882386,1.2492584343828463,90
1776098333.775234,25,1.6958600013655838,1.561573042978558,95
1776098333.807864,25,1.7760574593879888,1.3273370865317742,93
1776098333.841826,25,1.872055128469021,1.2232322169998764,93
1776098333.8753521,25,1.9526322165217451,1.2752846517658163,95
1776098333.908635,25,2.048440239764688,1.1191273474679606,94
1776098333.941379,25,2.066909004792351,0.9369438257871348,92
1776098333.974825,25,2.03881866642252,1.0670749127020205,93
1776098334.008833,25,2.037190352853444,1.5095206082126,100
1776098334.041464,25,2.0016330578677186,1.3533633039147444,97
